[2025-11-13 10:38:28] local.ERROR: Call to undefined method App\Services\LocationService::getAll() {"exception":"[object] (Error(code: 0): Call to undefined method App\\Services\\LocationService::getAll() at C:\\xampp7.4.3\\htdocs\\ODBUS\\odbusproviderbe\\app\\Http\\Controllers\\LocationController.php:41)
[stacktrace]
#0 C:\\xampp7.4.3\\htdocs\\ODBUS\\odbusproviderbe\\vendor\\laravel\\framework\\src\\Illuminate\\Routing\\Controller.php(54): App\\Http\\Controllers\\LocationController->getAllLocations()
#1 C:\\xampp7.4.3\\htdocs\\ODBUS\\odbusproviderbe\\vendor\\laravel\\framework\\src\\Illuminate\\Routing\\ControllerDispatcher.php(45): Illuminate\\Routing\\Controller->callAction('getAllLocations', Array)
#2 C:\\xampp7.4.3\\htdocs\\ODBUS\\odbusproviderbe\\vendor\\laravel\\framework\\src\\Illuminate\\Routing\\Route.php(262): Illuminate\\Routing\\ControllerDispatcher->dispatch(Object(Illuminate\\Routing\\Route), Object(App\\Http\\Controllers\\LocationController), 'getAllLocations')
#3 C:\\xampp7.4.3\\htdocs\\ODBUS\\odbusproviderbe\\vendor\\laravel\\framework\\src\\Illuminate\\Routing\\Route.php(205): Illuminate\\Routing\\Route->runController()
#4 C:\\xampp7.4.3\\htdocs\\ODBUS\\odbusproviderbe\\vendor\\laravel\\framework\\src\\Illuminate\\Routing\\Router.php(695): Illuminate\\Routing\\Route->run()
#5 C:\\xampp7.4.3\\htdocs\\ODBUS\\odbusproviderbe\\vendor\\laravel\\framework\\src\\Illuminate\\Pipeline\\Pipeline.php(128): Illuminate\\Routing\\Router->Illuminate\\Routing\\{closure}(Object(Illuminate\\Http\\Request))
#6 C:\\xampp7.4.3\\htdocs\\ODBUS\\odbusproviderbe\\vendor\\laravel\\framework\\src\\Illuminate\\Routing\\Middleware\\SubstituteBindings.php(50): Illuminate\\Pipeline\\Pipeline->Illuminate\\Pipeline\\{closure}(Object(Illuminate\\Http\\Request))
#7 C:\\xampp7.4.3\\htdocs\\ODBUS\\odbusproviderbe\\vendor\\laravel\\framework\\src\\Illuminate\\Pipeline\\Pipeline.php(167): Illuminate\\Routing\\Middleware\\SubstituteBindings->handle(Object(Illuminate\\Http\\Request), Object(Closure))
#8 C:\\xampp7.4.3\\htdocs\\ODBUS\\odbusproviderbe\\vendor\\laravel\\framework\\src\\Illuminate\\Routing\\Middleware\\ThrottleRequests.php(127): Illuminate\\Pipeline\\Pipeline->Illuminate\\Pipeline\\{closure}(Object(Illuminate\\Http\\Request))
#9 C:\\xampp7.4.3\\htdocs\\ODBUS\\odbusproviderbe\\vendor\\laravel\\framework\\src\\Illuminate\\Routing\\Middleware\\ThrottleRequests.php(103): Illuminate\\Routing\\Middleware\\ThrottleRequests->handleRequest(Object(Illuminate\\Http\\Request), Object(Closure), Array)
#10 C:\\xampp7.4.3\\htdocs\\ODBUS\\odbusproviderbe\\vendor\\laravel\\framework\\src\\Illuminate\\Routing\\Middleware\\ThrottleRequests.php(55): Illuminate\\Routing\\Middleware\\ThrottleRequests->handleRequestUsingNamedLimiter(Object(Illuminate\\Http\\Request), Object(Closure), 'api', Object(Closure))
#11 C:\\xampp7.4.3\\htdocs\\ODBUS\\odbusproviderbe\\vendor\\laravel\\framework\\src\\Illuminate\\Pipeline\\Pipeline.php(167): Illuminate\\Routing\\Middleware\\ThrottleRequests->handle(Object(Illuminate\\Http\\Request), Object(Closure), 'api')
#12 C:\\xampp7.4.3\\htdocs\\ODBUS\\odbusproviderbe\\vendor\\laravel\\framework\\src\\Illuminate\\Pipeline\\Pipeline.php(103): Illuminate\\Pipeline\\Pipeline->Illuminate\\Pipeline\\{closure}(Object(Illuminate\\Http\\Request))
#13 C:\\xampp7.4.3\\htdocs\\ODBUS\\odbusproviderbe\\vendor\\laravel\\framework\\src\\Illuminate\\Routing\\Router.php(697): Illuminate\\Pipeline\\Pipeline->then(Object(Closure))
#14 C:\\xampp7.4.3\\htdocs\\ODBUS\\odbusproviderbe\\vendor\\laravel\\framework\\src\\Illuminate\\Routing\\Router.php(672): Illuminate\\Routing\\Router->runRouteWithinStack(Object(Illuminate\\Routing\\Route), Object(Illuminate\\Http\\Request))
#15 C:\\xampp7.4.3\\htdocs\\ODBUS\\odbusproviderbe\\vendor\\laravel\\framework\\src\\Illuminate\\Routing\\Router.php(636): Illuminate\\Routing\\Router->runRoute(Object(Illuminate\\Http\\Request), Object(Illuminate\\Routing\\Route))
#16 C:\\xampp7.4.3\\htdocs\\ODBUS\\odbusproviderbe\\vendor\\laravel\\framework\\src\\Illuminate\\Routing\\Router.php(625): Illuminate\\Routing\\Router->dispatchToRoute(Object(Illuminate\\Http\\Request))
#17 C:\\xampp7.4.3\\htdocs\\ODBUS\\odbusproviderbe\\vendor\\laravel\\framework\\src\\Illuminate\\Foundation\\Http\\Kernel.php(167): Illuminate\\Routing\\Router->dispatch(Object(Illuminate\\Http\\Request))
#18 C:\\xampp7.4.3\\htdocs\\ODBUS\\odbusproviderbe\\vendor\\laravel\\framework\\src\\Illuminate\\Pipeline\\Pipeline.php(128): Illuminate\\Foundation\\Http\\Kernel->Illuminate\\Foundation\\Http\\{closure}(Object(Illuminate\\Http\\Request))
#19 C:\\xampp7.4.3\\htdocs\\ODBUS\\odbusproviderbe\\app\\Http\\Middleware\\Cors.php(22): Illuminate\\Pipeline\\Pipeline->Illuminate\\Pipeline\\{closure}(Object(Illuminate\\Http\\Request))
#20 C:\\xampp7.4.3\\htdocs\\ODBUS\\odbusproviderbe\\vendor\\laravel\\framework\\src\\Illuminate\\Pipeline\\Pipeline.php(167): App\\Http\\Middleware\\Cors->handle(Object(Illuminate\\Http\\Request), Object(Closure))
#21 C:\\xampp7.4.3\\htdocs\\ODBUS\\odbusproviderbe\\vendor\\laravel\\framework\\src\\Illuminate\\Foundation\\Http\\Middleware\\TransformsRequest.php(21): Illuminate\\Pipeline\\Pipeline->Illuminate\\Pipeline\\{closure}(Object(Illuminate\\Http\\Request))
#22 C:\\xampp7.4.3\\htdocs\\ODBUS\\odbusproviderbe\\vendor\\laravel\\framework\\src\\Illuminate\\Foundation\\Http\\Middleware\\ConvertEmptyStringsToNull.php(31): Illuminate\\Foundation\\Http\\Middleware\\TransformsRequest->handle(Object(Illuminate\\Http\\Request), Object(Closure))
#23 C:\\xampp7.4.3\\htdocs\\ODBUS\\odbusproviderbe\\vendor\\laravel\\framework\\src\\Illuminate\\Pipeline\\Pipeline.php(167): Illuminate\\Foundation\\Http\\Middleware\\ConvertEmptyStringsToNull->handle(Object(Illuminate\\Http\\Request), Object(Closure))
#24 C:\\xampp7.4.3\\htdocs\\ODBUS\\odbusproviderbe\\vendor\\laravel\\framework\\src\\Illuminate\\Foundation\\Http\\Middleware\\TransformsRequest.php(21): Illuminate\\Pipeline\\Pipeline->Illuminate\\Pipeline\\{closure}(Object(Illuminate\\Http\\Request))
#25 C:\\xampp7.4.3\\htdocs\\ODBUS\\odbusproviderbe\\vendor\\laravel\\framework\\src\\Illuminate\\Foundation\\Http\\Middleware\\TrimStrings.php(40): Illuminate\\Foundation\\Http\\Middleware\\TransformsRequest->handle(Object(Illuminate\\Http\\Request), Object(Closure))
#26 C:\\xampp7.4.3\\htdocs\\ODBUS\\odbusproviderbe\\vendor\\laravel\\framework\\src\\Illuminate\\Pipeline\\Pipeline.php(167): Illuminate\\Foundation\\Http\\Middleware\\TrimStrings->handle(Object(Illuminate\\Http\\Request), Object(Closure))
#27 C:\\xampp7.4.3\\htdocs\\ODBUS\\odbusproviderbe\\vendor\\laravel\\framework\\src\\Illuminate\\Foundation\\Http\\Middleware\\ValidatePostSize.php(27): Illuminate\\Pipeline\\Pipeline->Illuminate\\Pipeline\\{closure}(Object(Illuminate\\Http\\Request))
#28 C:\\xampp7.4.3\\htdocs\\ODBUS\\odbusproviderbe\\vendor\\laravel\\framework\\src\\Illuminate\\Pipeline\\Pipeline.php(167): Illuminate\\Foundation\\Http\\Middleware\\ValidatePostSize->handle(Object(Illuminate\\Http\\Request), Object(Closure))
#29 C:\\xampp7.4.3\\htdocs\\ODBUS\\odbusproviderbe\\vendor\\laravel\\framework\\src\\Illuminate\\Foundation\\Http\\Middleware\\PreventRequestsDuringMaintenance.php(86): Illuminate\\Pipeline\\Pipeline->Illuminate\\Pipeline\\{closure}(Object(Illuminate\\Http\\Request))
#30 C:\\xampp7.4.3\\htdocs\\ODBUS\\odbusproviderbe\\vendor\\laravel\\framework\\src\\Illuminate\\Pipeline\\Pipeline.php(167): Illuminate\\Foundation\\Http\\Middleware\\PreventRequestsDuringMaintenance->handle(Object(Illuminate\\Http\\Request), Object(Closure))
#31 C:\\xampp7.4.3\\htdocs\\ODBUS\\odbusproviderbe\\vendor\\fideloper\\proxy\\src\\TrustProxies.php(57): Illuminate\\Pipeline\\Pipeline->Illuminate\\Pipeline\\{closure}(Object(Illuminate\\Http\\Request))
#32 C:\\xampp7.4.3\\htdocs\\ODBUS\\odbusproviderbe\\vendor\\laravel\\framework\\src\\Illuminate\\Pipeline\\Pipeline.php(167): Fideloper\\Proxy\\TrustProxies->handle(Object(Illuminate\\Http\\Request), Object(Closure))
#33 C:\\xampp7.4.3\\htdocs\\ODBUS\\odbusproviderbe\\vendor\\laravel\\framework\\src\\Illuminate\\Pipeline\\Pipeline.php(103): Illuminate\\Pipeline\\Pipeline->Illuminate\\Pipeline\\{closure}(Object(Illuminate\\Http\\Request))
#34 C:\\xampp7.4.3\\htdocs\\ODBUS\\odbusproviderbe\\vendor\\laravel\\framework\\src\\Illuminate\\Foundation\\Http\\Kernel.php(142): Illuminate\\Pipeline\\Pipeline->then(Object(Closure))
#35 C:\\xampp7.4.3\\htdocs\\ODBUS\\odbusproviderbe\\vendor\\laravel\\framework\\src\\Illuminate\\Foundation\\Http\\Kernel.php(111): Illuminate\\Foundation\\Http\\Kernel->sendRequestThroughRouter(Object(Illuminate\\Http\\Request))
#36 C:\\xampp7.4.3\\htdocs\\ODBUS\\odbusproviderbe\\index.php(52): Illuminate\\Foundation\\Http\\Kernel->handle(Object(Illuminate\\Http\\Request))
#37 {main}
"} 
[2025-11-13 10:38:28] local.ERROR: Call to undefined method App\Services\BusOperatorService::getAll() {"exception":"[object] (Error(code: 0): Call to undefined method App\\Services\\BusOperatorService::getAll() at C:\\xampp7.4.3\\htdocs\\ODBUS\\odbusproviderbe\\app\\Http\\Controllers\\BusOperatorController.php:55)
[stacktrace]
#0 C:\\xampp7.4.3\\htdocs\\ODBUS\\odbusproviderbe\\vendor\\laravel\\framework\\src\\Illuminate\\Routing\\Controller.php(54): App\\Http\\Controllers\\BusOperatorController->getAllBusOperators()
#1 C:\\xampp7.4.3\\htdocs\\ODBUS\\odbusproviderbe\\vendor\\laravel\\framework\\src\\Illuminate\\Routing\\ControllerDispatcher.php(45): Illuminate\\Routing\\Controller->callAction('getAllBusOperat...', Array)
#2 C:\\xampp7.4.3\\htdocs\\ODBUS\\odbusproviderbe\\vendor\\laravel\\framework\\src\\Illuminate\\Routing\\Route.php(262): Illuminate\\Routing\\ControllerDispatcher->dispatch(Object(Illuminate\\Routing\\Route), Object(App\\Http\\Controllers\\BusOperatorController), 'getAllBusOperat...')
#3 C:\\xampp7.4.3\\htdocs\\ODBUS\\odbusproviderbe\\vendor\\laravel\\framework\\src\\Illuminate\\Routing\\Route.php(205): Illuminate\\Routing\\Route->runController()
#4 C:\\xampp7.4.3\\htdocs\\ODBUS\\odbusproviderbe\\vendor\\laravel\\framework\\src\\Illuminate\\Routing\\Router.php(695): Illuminate\\Routing\\Route->run()
#5 C:\\xampp7.4.3\\htdocs\\ODBUS\\odbusproviderbe\\vendor\\laravel\\framework\\src\\Illuminate\\Pipeline\\Pipeline.php(128): Illuminate\\Routing\\Router->Illuminate\\Routing\\{closure}(Object(Illuminate\\Http\\Request))
#6 C:\\xampp7.4.3\\htdocs\\ODBUS\\odbusproviderbe\\vendor\\laravel\\framework\\src\\Illuminate\\Routing\\Middleware\\SubstituteBindings.php(50): Illuminate\\Pipeline\\Pipeline->Illuminate\\Pipeline\\{closure}(Object(Illuminate\\Http\\Request))
#7 C:\\xampp7.4.3\\htdocs\\ODBUS\\odbusproviderbe\\vendor\\laravel\\framework\\src\\Illuminate\\Pipeline\\Pipeline.php(167): Illuminate\\Routing\\Middleware\\SubstituteBindings->handle(Object(Illuminate\\Http\\Request), Object(Closure))
#8 C:\\xampp7.4.3\\htdocs\\ODBUS\\odbusproviderbe\\vendor\\laravel\\framework\\src\\Illuminate\\Routing\\Middleware\\ThrottleRequests.php(127): Illuminate\\Pipeline\\Pipeline->Illuminate\\Pipeline\\{closure}(Object(Illuminate\\Http\\Request))
#9 C:\\xampp7.4.3\\htdocs\\ODBUS\\odbusproviderbe\\vendor\\laravel\\framework\\src\\Illuminate\\Routing\\Middleware\\ThrottleRequests.php(103): Illuminate\\Routing\\Middleware\\ThrottleRequests->handleRequest(Object(Illuminate\\Http\\Request), Object(Closure), Array)
#10 C:\\xampp7.4.3\\htdocs\\ODBUS\\odbusproviderbe\\vendor\\laravel\\framework\\src\\Illuminate\\Routing\\Middleware\\ThrottleRequests.php(55): Illuminate\\Routing\\Middleware\\ThrottleRequests->handleRequestUsingNamedLimiter(Object(Illuminate\\Http\\Request), Object(Closure), 'api', Object(Closure))
#11 C:\\xampp7.4.3\\htdocs\\ODBUS\\odbusproviderbe\\vendor\\laravel\\framework\\src\\Illuminate\\Pipeline\\Pipeline.php(167): Illuminate\\Routing\\Middleware\\ThrottleRequests->handle(Object(Illuminate\\Http\\Request), Object(Closure), 'api')
#12 C:\\xampp7.4.3\\htdocs\\ODBUS\\odbusproviderbe\\vendor\\laravel\\framework\\src\\Illuminate\\Pipeline\\Pipeline.php(103): Illuminate\\Pipeline\\Pipeline->Illuminate\\Pipeline\\{closure}(Object(Illuminate\\Http\\Request))
#13 C:\\xampp7.4.3\\htdocs\\ODBUS\\odbusproviderbe\\vendor\\laravel\\framework\\src\\Illuminate\\Routing\\Router.php(697): Illuminate\\Pipeline\\Pipeline->then(Object(Closure))
#14 C:\\xampp7.4.3\\htdocs\\ODBUS\\odbusproviderbe\\vendor\\laravel\\framework\\src\\Illuminate\\Routing\\Router.php(672): Illuminate\\Routing\\Router->runRouteWithinStack(Object(Illuminate\\Routing\\Route), Object(Illuminate\\Http\\Request))
#15 C:\\xampp7.4.3\\htdocs\\ODBUS\\odbusproviderbe\\vendor\\laravel\\framework\\src\\Illuminate\\Routing\\Router.php(636): Illuminate\\Routing\\Router->runRoute(Object(Illuminate\\Http\\Request), Object(Illuminate\\Routing\\Route))
#16 C:\\xampp7.4.3\\htdocs\\ODBUS\\odbusproviderbe\\vendor\\laravel\\framework\\src\\Illuminate\\Routing\\Router.php(625): Illuminate\\Routing\\Router->dispatchToRoute(Object(Illuminate\\Http\\Request))
#17 C:\\xampp7.4.3\\htdocs\\ODBUS\\odbusproviderbe\\vendor\\laravel\\framework\\src\\Illuminate\\Foundation\\Http\\Kernel.php(167): Illuminate\\Routing\\Router->dispatch(Object(Illuminate\\Http\\Request))
#18 C:\\xampp7.4.3\\htdocs\\ODBUS\\odbusproviderbe\\vendor\\laravel\\framework\\src\\Illuminate\\Pipeline\\Pipeline.php(128): Illuminate\\Foundation\\Http\\Kernel->Illuminate\\Foundation\\Http\\{closure}(Object(Illuminate\\Http\\Request))
#19 C:\\xampp7.4.3\\htdocs\\ODBUS\\odbusproviderbe\\app\\Http\\Middleware\\Cors.php(22): Illuminate\\Pipeline\\Pipeline->Illuminate\\Pipeline\\{closure}(Object(Illuminate\\Http\\Request))
#20 C:\\xampp7.4.3\\htdocs\\ODBUS\\odbusproviderbe\\vendor\\laravel\\framework\\src\\Illuminate\\Pipeline\\Pipeline.php(167): App\\Http\\Middleware\\Cors->handle(Object(Illuminate\\Http\\Request), Object(Closure))
#21 C:\\xampp7.4.3\\htdocs\\ODBUS\\odbusproviderbe\\vendor\\laravel\\framework\\src\\Illuminate\\Foundation\\Http\\Middleware\\TransformsRequest.php(21): Illuminate\\Pipeline\\Pipeline->Illuminate\\Pipeline\\{closure}(Object(Illuminate\\Http\\Request))
#22 C:\\xampp7.4.3\\htdocs\\ODBUS\\odbusproviderbe\\vendor\\laravel\\framework\\src\\Illuminate\\Foundation\\Http\\Middleware\\ConvertEmptyStringsToNull.php(31): Illuminate\\Foundation\\Http\\Middleware\\TransformsRequest->handle(Object(Illuminate\\Http\\Request), Object(Closure))
#23 C:\\xampp7.4.3\\htdocs\\ODBUS\\odbusproviderbe\\vendor\\laravel\\framework\\src\\Illuminate\\Pipeline\\Pipeline.php(167): Illuminate\\Foundation\\Http\\Middleware\\ConvertEmptyStringsToNull->handle(Object(Illuminate\\Http\\Request), Object(Closure))
#24 C:\\xampp7.4.3\\htdocs\\ODBUS\\odbusproviderbe\\vendor\\laravel\\framework\\src\\Illuminate\\Foundation\\Http\\Middleware\\TransformsRequest.php(21): Illuminate\\Pipeline\\Pipeline->Illuminate\\Pipeline\\{closure}(Object(Illuminate\\Http\\Request))
#25 C:\\xampp7.4.3\\htdocs\\ODBUS\\odbusproviderbe\\vendor\\laravel\\framework\\src\\Illuminate\\Foundation\\Http\\Middleware\\TrimStrings.php(40): Illuminate\\Foundation\\Http\\Middleware\\TransformsRequest->handle(Object(Illuminate\\Http\\Request), Object(Closure))
#26 C:\\xampp7.4.3\\htdocs\\ODBUS\\odbusproviderbe\\vendor\\laravel\\framework\\src\\Illuminate\\Pipeline\\Pipeline.php(167): Illuminate\\Foundation\\Http\\Middleware\\TrimStrings->handle(Object(Illuminate\\Http\\Request), Object(Closure))
#27 C:\\xampp7.4.3\\htdocs\\ODBUS\\odbusproviderbe\\vendor\\laravel\\framework\\src\\Illuminate\\Foundation\\Http\\Middleware\\ValidatePostSize.php(27): Illuminate\\Pipeline\\Pipeline->Illuminate\\Pipeline\\{closure}(Object(Illuminate\\Http\\Request))
#28 C:\\xampp7.4.3\\htdocs\\ODBUS\\odbusproviderbe\\vendor\\laravel\\framework\\src\\Illuminate\\Pipeline\\Pipeline.php(167): Illuminate\\Foundation\\Http\\Middleware\\ValidatePostSize->handle(Object(Illuminate\\Http\\Request), Object(Closure))
#29 C:\\xampp7.4.3\\htdocs\\ODBUS\\odbusproviderbe\\vendor\\laravel\\framework\\src\\Illuminate\\Foundation\\Http\\Middleware\\PreventRequestsDuringMaintenance.php(86): Illuminate\\Pipeline\\Pipeline->Illuminate\\Pipeline\\{closure}(Object(Illuminate\\Http\\Request))
#30 C:\\xampp7.4.3\\htdocs\\ODBUS\\odbusproviderbe\\vendor\\laravel\\framework\\src\\Illuminate\\Pipeline\\Pipeline.php(167): Illuminate\\Foundation\\Http\\Middleware\\PreventRequestsDuringMaintenance->handle(Object(Illuminate\\Http\\Request), Object(Closure))
#31 C:\\xampp7.4.3\\htdocs\\ODBUS\\odbusproviderbe\\vendor\\fideloper\\proxy\\src\\TrustProxies.php(57): Illuminate\\Pipeline\\Pipeline->Illuminate\\Pipeline\\{closure}(Object(Illuminate\\Http\\Request))
#32 C:\\xampp7.4.3\\htdocs\\ODBUS\\odbusproviderbe\\vendor\\laravel\\framework\\src\\Illuminate\\Pipeline\\Pipeline.php(167): Fideloper\\Proxy\\TrustProxies->handle(Object(Illuminate\\Http\\Request), Object(Closure))
#33 C:\\xampp7.4.3\\htdocs\\ODBUS\\odbusproviderbe\\vendor\\laravel\\framework\\src\\Illuminate\\Pipeline\\Pipeline.php(103): Illuminate\\Pipeline\\Pipeline->Illuminate\\Pipeline\\{closure}(Object(Illuminate\\Http\\Request))
#34 C:\\xampp7.4.3\\htdocs\\ODBUS\\odbusproviderbe\\vendor\\laravel\\framework\\src\\Illuminate\\Foundation\\Http\\Kernel.php(142): Illuminate\\Pipeline\\Pipeline->then(Object(Closure))
#35 C:\\xampp7.4.3\\htdocs\\ODBUS\\odbusproviderbe\\vendor\\laravel\\framework\\src\\Illuminate\\Foundation\\Http\\Kernel.php(111): Illuminate\\Foundation\\Http\\Kernel->sendRequestThroughRouter(Object(Illuminate\\Http\\Request))
#36 C:\\xampp7.4.3\\htdocs\\ODBUS\\odbusproviderbe\\index.php(52): Illuminate\\Foundation\\Http\\Kernel->handle(Object(Illuminate\\Http\\Request))
#37 {main}
"} 
[2025-11-13 10:50:14] local.ERROR: Call to undefined method App\Services\BusOperatorService::getAll() {"exception":"[object] (Error(code: 0): Call to undefined method App\\Services\\BusOperatorService::getAll() at C:\\xampp7.4.3\\htdocs\\ODBUS\\odbusproviderbe\\app\\Http\\Controllers\\BusOperatorController.php:55)
[stacktrace]
#0 C:\\xampp7.4.3\\htdocs\\ODBUS\\odbusproviderbe\\vendor\\laravel\\framework\\src\\Illuminate\\Routing\\Controller.php(54): App\\Http\\Controllers\\BusOperatorController->getAllBusOperators()
#1 C:\\xampp7.4.3\\htdocs\\ODBUS\\odbusproviderbe\\vendor\\laravel\\framework\\src\\Illuminate\\Routing\\ControllerDispatcher.php(45): Illuminate\\Routing\\Controller->callAction('getAllBusOperat...', Array)
#2 C:\\xampp7.4.3\\htdocs\\ODBUS\\odbusproviderbe\\vendor\\laravel\\framework\\src\\Illuminate\\Routing\\Route.php(262): Illuminate\\Routing\\ControllerDispatcher->dispatch(Object(Illuminate\\Routing\\Route), Object(App\\Http\\Controllers\\BusOperatorController), 'getAllBusOperat...')
#3 C:\\xampp7.4.3\\htdocs\\ODBUS\\odbusproviderbe\\vendor\\laravel\\framework\\src\\Illuminate\\Routing\\Route.php(205): Illuminate\\Routing\\Route->runController()
#4 C:\\xampp7.4.3\\htdocs\\ODBUS\\odbusproviderbe\\vendor\\laravel\\framework\\src\\Illuminate\\Routing\\Router.php(695): Illuminate\\Routing\\Route->run()
#5 C:\\xampp7.4.3\\htdocs\\ODBUS\\odbusproviderbe\\vendor\\laravel\\framework\\src\\Illuminate\\Pipeline\\Pipeline.php(128): Illuminate\\Routing\\Router->Illuminate\\Routing\\{closure}(Object(Illuminate\\Http\\Request))
#6 C:\\xampp7.4.3\\htdocs\\ODBUS\\odbusproviderbe\\vendor\\laravel\\framework\\src\\Illuminate\\Routing\\Middleware\\SubstituteBindings.php(50): Illuminate\\Pipeline\\Pipeline->Illuminate\\Pipeline\\{closure}(Object(Illuminate\\Http\\Request))
#7 C:\\xampp7.4.3\\htdocs\\ODBUS\\odbusproviderbe\\vendor\\laravel\\framework\\src\\Illuminate\\Pipeline\\Pipeline.php(167): Illuminate\\Routing\\Middleware\\SubstituteBindings->handle(Object(Illuminate\\Http\\Request), Object(Closure))
#8 C:\\xampp7.4.3\\htdocs\\ODBUS\\odbusproviderbe\\vendor\\laravel\\framework\\src\\Illuminate\\Routing\\Middleware\\ThrottleRequests.php(127): Illuminate\\Pipeline\\Pipeline->Illuminate\\Pipeline\\{closure}(Object(Illuminate\\Http\\Request))
#9 C:\\xampp7.4.3\\htdocs\\ODBUS\\odbusproviderbe\\vendor\\laravel\\framework\\src\\Illuminate\\Routing\\Middleware\\ThrottleRequests.php(103): Illuminate\\Routing\\Middleware\\ThrottleRequests->handleRequest(Object(Illuminate\\Http\\Request), Object(Closure), Array)
#10 C:\\xampp7.4.3\\htdocs\\ODBUS\\odbusproviderbe\\vendor\\laravel\\framework\\src\\Illuminate\\Routing\\Middleware\\ThrottleRequests.php(55): Illuminate\\Routing\\Middleware\\ThrottleRequests->handleRequestUsingNamedLimiter(Object(Illuminate\\Http\\Request), Object(Closure), 'api', Object(Closure))
#11 C:\\xampp7.4.3\\htdocs\\ODBUS\\odbusproviderbe\\vendor\\laravel\\framework\\src\\Illuminate\\Pipeline\\Pipeline.php(167): Illuminate\\Routing\\Middleware\\ThrottleRequests->handle(Object(Illuminate\\Http\\Request), Object(Closure), 'api')
#12 C:\\xampp7.4.3\\htdocs\\ODBUS\\odbusproviderbe\\vendor\\laravel\\framework\\src\\Illuminate\\Pipeline\\Pipeline.php(103): Illuminate\\Pipeline\\Pipeline->Illuminate\\Pipeline\\{closure}(Object(Illuminate\\Http\\Request))
#13 C:\\xampp7.4.3\\htdocs\\ODBUS\\odbusproviderbe\\vendor\\laravel\\framework\\src\\Illuminate\\Routing\\Router.php(697): Illuminate\\Pipeline\\Pipeline->then(Object(Closure))
#14 C:\\xampp7.4.3\\htdocs\\ODBUS\\odbusproviderbe\\vendor\\laravel\\framework\\src\\Illuminate\\Routing\\Router.php(672): Illuminate\\Routing\\Router->runRouteWithinStack(Object(Illuminate\\Routing\\Route), Object(Illuminate\\Http\\Request))
#15 C:\\xampp7.4.3\\htdocs\\ODBUS\\odbusproviderbe\\vendor\\laravel\\framework\\src\\Illuminate\\Routing\\Router.php(636): Illuminate\\Routing\\Router->runRoute(Object(Illuminate\\Http\\Request), Object(Illuminate\\Routing\\Route))
#16 C:\\xampp7.4.3\\htdocs\\ODBUS\\odbusproviderbe\\vendor\\laravel\\framework\\src\\Illuminate\\Routing\\Router.php(625): Illuminate\\Routing\\Router->dispatchToRoute(Object(Illuminate\\Http\\Request))
#17 C:\\xampp7.4.3\\htdocs\\ODBUS\\odbusproviderbe\\vendor\\laravel\\framework\\src\\Illuminate\\Foundation\\Http\\Kernel.php(167): Illuminate\\Routing\\Router->dispatch(Object(Illuminate\\Http\\Request))
#18 C:\\xampp7.4.3\\htdocs\\ODBUS\\odbusproviderbe\\vendor\\laravel\\framework\\src\\Illuminate\\Pipeline\\Pipeline.php(128): Illuminate\\Foundation\\Http\\Kernel->Illuminate\\Foundation\\Http\\{closure}(Object(Illuminate\\Http\\Request))
#19 C:\\xampp7.4.3\\htdocs\\ODBUS\\odbusproviderbe\\app\\Http\\Middleware\\Cors.php(22): Illuminate\\Pipeline\\Pipeline->Illuminate\\Pipeline\\{closure}(Object(Illuminate\\Http\\Request))
#20 C:\\xampp7.4.3\\htdocs\\ODBUS\\odbusproviderbe\\vendor\\laravel\\framework\\src\\Illuminate\\Pipeline\\Pipeline.php(167): App\\Http\\Middleware\\Cors->handle(Object(Illuminate\\Http\\Request), Object(Closure))
#21 C:\\xampp7.4.3\\htdocs\\ODBUS\\odbusproviderbe\\vendor\\laravel\\framework\\src\\Illuminate\\Foundation\\Http\\Middleware\\TransformsRequest.php(21): Illuminate\\Pipeline\\Pipeline->Illuminate\\Pipeline\\{closure}(Object(Illuminate\\Http\\Request))
#22 C:\\xampp7.4.3\\htdocs\\ODBUS\\odbusproviderbe\\vendor\\laravel\\framework\\src\\Illuminate\\Foundation\\Http\\Middleware\\ConvertEmptyStringsToNull.php(31): Illuminate\\Foundation\\Http\\Middleware\\TransformsRequest->handle(Object(Illuminate\\Http\\Request), Object(Closure))
#23 C:\\xampp7.4.3\\htdocs\\ODBUS\\odbusproviderbe\\vendor\\laravel\\framework\\src\\Illuminate\\Pipeline\\Pipeline.php(167): Illuminate\\Foundation\\Http\\Middleware\\ConvertEmptyStringsToNull->handle(Object(Illuminate\\Http\\Request), Object(Closure))
#24 C:\\xampp7.4.3\\htdocs\\ODBUS\\odbusproviderbe\\vendor\\laravel\\framework\\src\\Illuminate\\Foundation\\Http\\Middleware\\TransformsRequest.php(21): Illuminate\\Pipeline\\Pipeline->Illuminate\\Pipeline\\{closure}(Object(Illuminate\\Http\\Request))
#25 C:\\xampp7.4.3\\htdocs\\ODBUS\\odbusproviderbe\\vendor\\laravel\\framework\\src\\Illuminate\\Foundation\\Http\\Middleware\\TrimStrings.php(40): Illuminate\\Foundation\\Http\\Middleware\\TransformsRequest->handle(Object(Illuminate\\Http\\Request), Object(Closure))
#26 C:\\xampp7.4.3\\htdocs\\ODBUS\\odbusproviderbe\\vendor\\laravel\\framework\\src\\Illuminate\\Pipeline\\Pipeline.php(167): Illuminate\\Foundation\\Http\\Middleware\\TrimStrings->handle(Object(Illuminate\\Http\\Request), Object(Closure))
#27 C:\\xampp7.4.3\\htdocs\\ODBUS\\odbusproviderbe\\vendor\\laravel\\framework\\src\\Illuminate\\Foundation\\Http\\Middleware\\ValidatePostSize.php(27): Illuminate\\Pipeline\\Pipeline->Illuminate\\Pipeline\\{closure}(Object(Illuminate\\Http\\Request))
#28 C:\\xampp7.4.3\\htdocs\\ODBUS\\odbusproviderbe\\vendor\\laravel\\framework\\src\\Illuminate\\Pipeline\\Pipeline.php(167): Illuminate\\Foundation\\Http\\Middleware\\ValidatePostSize->handle(Object(Illuminate\\Http\\Request), Object(Closure))
#29 C:\\xampp7.4.3\\htdocs\\ODBUS\\odbusproviderbe\\vendor\\laravel\\framework\\src\\Illuminate\\Foundation\\Http\\Middleware\\PreventRequestsDuringMaintenance.php(86): Illuminate\\Pipeline\\Pipeline->Illuminate\\Pipeline\\{closure}(Object(Illuminate\\Http\\Request))
#30 C:\\xampp7.4.3\\htdocs\\ODBUS\\odbusproviderbe\\vendor\\laravel\\framework\\src\\Illuminate\\Pipeline\\Pipeline.php(167): Illuminate\\Foundation\\Http\\Middleware\\PreventRequestsDuringMaintenance->handle(Object(Illuminate\\Http\\Request), Object(Closure))
#31 C:\\xampp7.4.3\\htdocs\\ODBUS\\odbusproviderbe\\vendor\\fideloper\\proxy\\src\\TrustProxies.php(57): Illuminate\\Pipeline\\Pipeline->Illuminate\\Pipeline\\{closure}(Object(Illuminate\\Http\\Request))
#32 C:\\xampp7.4.3\\htdocs\\ODBUS\\odbusproviderbe\\vendor\\laravel\\framework\\src\\Illuminate\\Pipeline\\Pipeline.php(167): Fideloper\\Proxy\\TrustProxies->handle(Object(Illuminate\\Http\\Request), Object(Closure))
#33 C:\\xampp7.4.3\\htdocs\\ODBUS\\odbusproviderbe\\vendor\\laravel\\framework\\src\\Illuminate\\Pipeline\\Pipeline.php(103): Illuminate\\Pipeline\\Pipeline->Illuminate\\Pipeline\\{closure}(Object(Illuminate\\Http\\Request))
#34 C:\\xampp7.4.3\\htdocs\\ODBUS\\odbusproviderbe\\vendor\\laravel\\framework\\src\\Illuminate\\Foundation\\Http\\Kernel.php(142): Illuminate\\Pipeline\\Pipeline->then(Object(Closure))
#35 C:\\xampp7.4.3\\htdocs\\ODBUS\\odbusproviderbe\\vendor\\laravel\\framework\\src\\Illuminate\\Foundation\\Http\\Kernel.php(111): Illuminate\\Foundation\\Http\\Kernel->sendRequestThroughRouter(Object(Illuminate\\Http\\Request))
#36 C:\\xampp7.4.3\\htdocs\\ODBUS\\odbusproviderbe\\index.php(52): Illuminate\\Foundation\\Http\\Kernel->handle(Object(Illuminate\\Http\\Request))
#37 {main}
"} 
[2025-11-13 10:50:14] local.ERROR: Call to undefined method App\Services\LocationService::getAll() {"exception":"[object] (Error(code: 0): Call to undefined method App\\Services\\LocationService::getAll() at C:\\xampp7.4.3\\htdocs\\ODBUS\\odbusproviderbe\\app\\Http\\Controllers\\LocationController.php:41)
[stacktrace]
#0 C:\\xampp7.4.3\\htdocs\\ODBUS\\odbusproviderbe\\vendor\\laravel\\framework\\src\\Illuminate\\Routing\\Controller.php(54): App\\Http\\Controllers\\LocationController->getAllLocations()
#1 C:\\xampp7.4.3\\htdocs\\ODBUS\\odbusproviderbe\\vendor\\laravel\\framework\\src\\Illuminate\\Routing\\ControllerDispatcher.php(45): Illuminate\\Routing\\Controller->callAction('getAllLocations', Array)
#2 C:\\xampp7.4.3\\htdocs\\ODBUS\\odbusproviderbe\\vendor\\laravel\\framework\\src\\Illuminate\\Routing\\Route.php(262): Illuminate\\Routing\\ControllerDispatcher->dispatch(Object(Illuminate\\Routing\\Route), Object(App\\Http\\Controllers\\LocationController), 'getAllLocations')
#3 C:\\xampp7.4.3\\htdocs\\ODBUS\\odbusproviderbe\\vendor\\laravel\\framework\\src\\Illuminate\\Routing\\Route.php(205): Illuminate\\Routing\\Route->runController()
#4 C:\\xampp7.4.3\\htdocs\\ODBUS\\odbusproviderbe\\vendor\\laravel\\framework\\src\\Illuminate\\Routing\\Router.php(695): Illuminate\\Routing\\Route->run()
#5 C:\\xampp7.4.3\\htdocs\\ODBUS\\odbusproviderbe\\vendor\\laravel\\framework\\src\\Illuminate\\Pipeline\\Pipeline.php(128): Illuminate\\Routing\\Router->Illuminate\\Routing\\{closure}(Object(Illuminate\\Http\\Request))
#6 C:\\xampp7.4.3\\htdocs\\ODBUS\\odbusproviderbe\\vendor\\laravel\\framework\\src\\Illuminate\\Routing\\Middleware\\SubstituteBindings.php(50): Illuminate\\Pipeline\\Pipeline->Illuminate\\Pipeline\\{closure}(Object(Illuminate\\Http\\Request))
#7 C:\\xampp7.4.3\\htdocs\\ODBUS\\odbusproviderbe\\vendor\\laravel\\framework\\src\\Illuminate\\Pipeline\\Pipeline.php(167): Illuminate\\Routing\\Middleware\\SubstituteBindings->handle(Object(Illuminate\\Http\\Request), Object(Closure))
#8 C:\\xampp7.4.3\\htdocs\\ODBUS\\odbusproviderbe\\vendor\\laravel\\framework\\src\\Illuminate\\Routing\\Middleware\\ThrottleRequests.php(127): Illuminate\\Pipeline\\Pipeline->Illuminate\\Pipeline\\{closure}(Object(Illuminate\\Http\\Request))
#9 C:\\xampp7.4.3\\htdocs\\ODBUS\\odbusproviderbe\\vendor\\laravel\\framework\\src\\Illuminate\\Routing\\Middleware\\ThrottleRequests.php(103): Illuminate\\Routing\\Middleware\\ThrottleRequests->handleRequest(Object(Illuminate\\Http\\Request), Object(Closure), Array)
#10 C:\\xampp7.4.3\\htdocs\\ODBUS\\odbusproviderbe\\vendor\\laravel\\framework\\src\\Illuminate\\Routing\\Middleware\\ThrottleRequests.php(55): Illuminate\\Routing\\Middleware\\ThrottleRequests->handleRequestUsingNamedLimiter(Object(Illuminate\\Http\\Request), Object(Closure), 'api', Object(Closure))
#11 C:\\xampp7.4.3\\htdocs\\ODBUS\\odbusproviderbe\\vendor\\laravel\\framework\\src\\Illuminate\\Pipeline\\Pipeline.php(167): Illuminate\\Routing\\Middleware\\ThrottleRequests->handle(Object(Illuminate\\Http\\Request), Object(Closure), 'api')
#12 C:\\xampp7.4.3\\htdocs\\ODBUS\\odbusproviderbe\\vendor\\laravel\\framework\\src\\Illuminate\\Pipeline\\Pipeline.php(103): Illuminate\\Pipeline\\Pipeline->Illuminate\\Pipeline\\{closure}(Object(Illuminate\\Http\\Request))
#13 C:\\xampp7.4.3\\htdocs\\ODBUS\\odbusproviderbe\\vendor\\laravel\\framework\\src\\Illuminate\\Routing\\Router.php(697): Illuminate\\Pipeline\\Pipeline->then(Object(Closure))
#14 C:\\xampp7.4.3\\htdocs\\ODBUS\\odbusproviderbe\\vendor\\laravel\\framework\\src\\Illuminate\\Routing\\Router.php(672): Illuminate\\Routing\\Router->runRouteWithinStack(Object(Illuminate\\Routing\\Route), Object(Illuminate\\Http\\Request))
#15 C:\\xampp7.4.3\\htdocs\\ODBUS\\odbusproviderbe\\vendor\\laravel\\framework\\src\\Illuminate\\Routing\\Router.php(636): Illuminate\\Routing\\Router->runRoute(Object(Illuminate\\Http\\Request), Object(Illuminate\\Routing\\Route))
#16 C:\\xampp7.4.3\\htdocs\\ODBUS\\odbusproviderbe\\vendor\\laravel\\framework\\src\\Illuminate\\Routing\\Router.php(625): Illuminate\\Routing\\Router->dispatchToRoute(Object(Illuminate\\Http\\Request))
#17 C:\\xampp7.4.3\\htdocs\\ODBUS\\odbusproviderbe\\vendor\\laravel\\framework\\src\\Illuminate\\Foundation\\Http\\Kernel.php(167): Illuminate\\Routing\\Router->dispatch(Object(Illuminate\\Http\\Request))
#18 C:\\xampp7.4.3\\htdocs\\ODBUS\\odbusproviderbe\\vendor\\laravel\\framework\\src\\Illuminate\\Pipeline\\Pipeline.php(128): Illuminate\\Foundation\\Http\\Kernel->Illuminate\\Foundation\\Http\\{closure}(Object(Illuminate\\Http\\Request))
#19 C:\\xampp7.4.3\\htdocs\\ODBUS\\odbusproviderbe\\app\\Http\\Middleware\\Cors.php(22): Illuminate\\Pipeline\\Pipeline->Illuminate\\Pipeline\\{closure}(Object(Illuminate\\Http\\Request))
#20 C:\\xampp7.4.3\\htdocs\\ODBUS\\odbusproviderbe\\vendor\\laravel\\framework\\src\\Illuminate\\Pipeline\\Pipeline.php(167): App\\Http\\Middleware\\Cors->handle(Object(Illuminate\\Http\\Request), Object(Closure))
#21 C:\\xampp7.4.3\\htdocs\\ODBUS\\odbusproviderbe\\vendor\\laravel\\framework\\src\\Illuminate\\Foundation\\Http\\Middleware\\TransformsRequest.php(21): Illuminate\\Pipeline\\Pipeline->Illuminate\\Pipeline\\{closure}(Object(Illuminate\\Http\\Request))
#22 C:\\xampp7.4.3\\htdocs\\ODBUS\\odbusproviderbe\\vendor\\laravel\\framework\\src\\Illuminate\\Foundation\\Http\\Middleware\\ConvertEmptyStringsToNull.php(31): Illuminate\\Foundation\\Http\\Middleware\\TransformsRequest->handle(Object(Illuminate\\Http\\Request), Object(Closure))
#23 C:\\xampp7.4.3\\htdocs\\ODBUS\\odbusproviderbe\\vendor\\laravel\\framework\\src\\Illuminate\\Pipeline\\Pipeline.php(167): Illuminate\\Foundation\\Http\\Middleware\\ConvertEmptyStringsToNull->handle(Object(Illuminate\\Http\\Request), Object(Closure))
#24 C:\\xampp7.4.3\\htdocs\\ODBUS\\odbusproviderbe\\vendor\\laravel\\framework\\src\\Illuminate\\Foundation\\Http\\Middleware\\TransformsRequest.php(21): Illuminate\\Pipeline\\Pipeline->Illuminate\\Pipeline\\{closure}(Object(Illuminate\\Http\\Request))
#25 C:\\xampp7.4.3\\htdocs\\ODBUS\\odbusproviderbe\\vendor\\laravel\\framework\\src\\Illuminate\\Foundation\\Http\\Middleware\\TrimStrings.php(40): Illuminate\\Foundation\\Http\\Middleware\\TransformsRequest->handle(Object(Illuminate\\Http\\Request), Object(Closure))
#26 C:\\xampp7.4.3\\htdocs\\ODBUS\\odbusproviderbe\\vendor\\laravel\\framework\\src\\Illuminate\\Pipeline\\Pipeline.php(167): Illuminate\\Foundation\\Http\\Middleware\\TrimStrings->handle(Object(Illuminate\\Http\\Request), Object(Closure))
#27 C:\\xampp7.4.3\\htdocs\\ODBUS\\odbusproviderbe\\vendor\\laravel\\framework\\src\\Illuminate\\Foundation\\Http\\Middleware\\ValidatePostSize.php(27): Illuminate\\Pipeline\\Pipeline->Illuminate\\Pipeline\\{closure}(Object(Illuminate\\Http\\Request))
#28 C:\\xampp7.4.3\\htdocs\\ODBUS\\odbusproviderbe\\vendor\\laravel\\framework\\src\\Illuminate\\Pipeline\\Pipeline.php(167): Illuminate\\Foundation\\Http\\Middleware\\ValidatePostSize->handle(Object(Illuminate\\Http\\Request), Object(Closure))
#29 C:\\xampp7.4.3\\htdocs\\ODBUS\\odbusproviderbe\\vendor\\laravel\\framework\\src\\Illuminate\\Foundation\\Http\\Middleware\\PreventRequestsDuringMaintenance.php(86): Illuminate\\Pipeline\\Pipeline->Illuminate\\Pipeline\\{closure}(Object(Illuminate\\Http\\Request))
#30 C:\\xampp7.4.3\\htdocs\\ODBUS\\odbusproviderbe\\vendor\\laravel\\framework\\src\\Illuminate\\Pipeline\\Pipeline.php(167): Illuminate\\Foundation\\Http\\Middleware\\PreventRequestsDuringMaintenance->handle(Object(Illuminate\\Http\\Request), Object(Closure))
#31 C:\\xampp7.4.3\\htdocs\\ODBUS\\odbusproviderbe\\vendor\\fideloper\\proxy\\src\\TrustProxies.php(57): Illuminate\\Pipeline\\Pipeline->Illuminate\\Pipeline\\{closure}(Object(Illuminate\\Http\\Request))
#32 C:\\xampp7.4.3\\htdocs\\ODBUS\\odbusproviderbe\\vendor\\laravel\\framework\\src\\Illuminate\\Pipeline\\Pipeline.php(167): Fideloper\\Proxy\\TrustProxies->handle(Object(Illuminate\\Http\\Request), Object(Closure))
#33 C:\\xampp7.4.3\\htdocs\\ODBUS\\odbusproviderbe\\vendor\\laravel\\framework\\src\\Illuminate\\Pipeline\\Pipeline.php(103): Illuminate\\Pipeline\\Pipeline->Illuminate\\Pipeline\\{closure}(Object(Illuminate\\Http\\Request))
#34 C:\\xampp7.4.3\\htdocs\\ODBUS\\odbusproviderbe\\vendor\\laravel\\framework\\src\\Illuminate\\Foundation\\Http\\Kernel.php(142): Illuminate\\Pipeline\\Pipeline->then(Object(Closure))
#35 C:\\xampp7.4.3\\htdocs\\ODBUS\\odbusproviderbe\\vendor\\laravel\\framework\\src\\Illuminate\\Foundation\\Http\\Kernel.php(111): Illuminate\\Foundation\\Http\\Kernel->sendRequestThroughRouter(Object(Illuminate\\Http\\Request))
#36 C:\\xampp7.4.3\\htdocs\\ODBUS\\odbusproviderbe\\index.php(52): Illuminate\\Foundation\\Http\\Kernel->handle(Object(Illuminate\\Http\\Request))
#37 {main}
"} 
[2025-11-13 10:51:25] local.ERROR: Call to undefined method App\Services\LocationService::getAll() {"exception":"[object] (Error(code: 0): Call to undefined method App\\Services\\LocationService::getAll() at C:\\xampp7.4.3\\htdocs\\ODBUS\\odbusproviderbe\\app\\Http\\Controllers\\LocationController.php:41)
[stacktrace]
#0 C:\\xampp7.4.3\\htdocs\\ODBUS\\odbusproviderbe\\vendor\\laravel\\framework\\src\\Illuminate\\Routing\\Controller.php(54): App\\Http\\Controllers\\LocationController->getAllLocations()
#1 C:\\xampp7.4.3\\htdocs\\ODBUS\\odbusproviderbe\\vendor\\laravel\\framework\\src\\Illuminate\\Routing\\ControllerDispatcher.php(45): Illuminate\\Routing\\Controller->callAction('getAllLocations', Array)
#2 C:\\xampp7.4.3\\htdocs\\ODBUS\\odbusproviderbe\\vendor\\laravel\\framework\\src\\Illuminate\\Routing\\Route.php(262): Illuminate\\Routing\\ControllerDispatcher->dispatch(Object(Illuminate\\Routing\\Route), Object(App\\Http\\Controllers\\LocationController), 'getAllLocations')
#3 C:\\xampp7.4.3\\htdocs\\ODBUS\\odbusproviderbe\\vendor\\laravel\\framework\\src\\Illuminate\\Routing\\Route.php(205): Illuminate\\Routing\\Route->runController()
#4 C:\\xampp7.4.3\\htdocs\\ODBUS\\odbusproviderbe\\vendor\\laravel\\framework\\src\\Illuminate\\Routing\\Router.php(695): Illuminate\\Routing\\Route->run()
#5 C:\\xampp7.4.3\\htdocs\\ODBUS\\odbusproviderbe\\vendor\\laravel\\framework\\src\\Illuminate\\Pipeline\\Pipeline.php(128): Illuminate\\Routing\\Router->Illuminate\\Routing\\{closure}(Object(Illuminate\\Http\\Request))
#6 C:\\xampp7.4.3\\htdocs\\ODBUS\\odbusproviderbe\\vendor\\laravel\\framework\\src\\Illuminate\\Routing\\Middleware\\SubstituteBindings.php(50): Illuminate\\Pipeline\\Pipeline->Illuminate\\Pipeline\\{closure}(Object(Illuminate\\Http\\Request))
#7 C:\\xampp7.4.3\\htdocs\\ODBUS\\odbusproviderbe\\vendor\\laravel\\framework\\src\\Illuminate\\Pipeline\\Pipeline.php(167): Illuminate\\Routing\\Middleware\\SubstituteBindings->handle(Object(Illuminate\\Http\\Request), Object(Closure))
#8 C:\\xampp7.4.3\\htdocs\\ODBUS\\odbusproviderbe\\vendor\\laravel\\framework\\src\\Illuminate\\Routing\\Middleware\\ThrottleRequests.php(127): Illuminate\\Pipeline\\Pipeline->Illuminate\\Pipeline\\{closure}(Object(Illuminate\\Http\\Request))
#9 C:\\xampp7.4.3\\htdocs\\ODBUS\\odbusproviderbe\\vendor\\laravel\\framework\\src\\Illuminate\\Routing\\Middleware\\ThrottleRequests.php(103): Illuminate\\Routing\\Middleware\\ThrottleRequests->handleRequest(Object(Illuminate\\Http\\Request), Object(Closure), Array)
#10 C:\\xampp7.4.3\\htdocs\\ODBUS\\odbusproviderbe\\vendor\\laravel\\framework\\src\\Illuminate\\Routing\\Middleware\\ThrottleRequests.php(55): Illuminate\\Routing\\Middleware\\ThrottleRequests->handleRequestUsingNamedLimiter(Object(Illuminate\\Http\\Request), Object(Closure), 'api', Object(Closure))
#11 C:\\xampp7.4.3\\htdocs\\ODBUS\\odbusproviderbe\\vendor\\laravel\\framework\\src\\Illuminate\\Pipeline\\Pipeline.php(167): Illuminate\\Routing\\Middleware\\ThrottleRequests->handle(Object(Illuminate\\Http\\Request), Object(Closure), 'api')
#12 C:\\xampp7.4.3\\htdocs\\ODBUS\\odbusproviderbe\\vendor\\laravel\\framework\\src\\Illuminate\\Pipeline\\Pipeline.php(103): Illuminate\\Pipeline\\Pipeline->Illuminate\\Pipeline\\{closure}(Object(Illuminate\\Http\\Request))
#13 C:\\xampp7.4.3\\htdocs\\ODBUS\\odbusproviderbe\\vendor\\laravel\\framework\\src\\Illuminate\\Routing\\Router.php(697): Illuminate\\Pipeline\\Pipeline->then(Object(Closure))
#14 C:\\xampp7.4.3\\htdocs\\ODBUS\\odbusproviderbe\\vendor\\laravel\\framework\\src\\Illuminate\\Routing\\Router.php(672): Illuminate\\Routing\\Router->runRouteWithinStack(Object(Illuminate\\Routing\\Route), Object(Illuminate\\Http\\Request))
#15 C:\\xampp7.4.3\\htdocs\\ODBUS\\odbusproviderbe\\vendor\\laravel\\framework\\src\\Illuminate\\Routing\\Router.php(636): Illuminate\\Routing\\Router->runRoute(Object(Illuminate\\Http\\Request), Object(Illuminate\\Routing\\Route))
#16 C:\\xampp7.4.3\\htdocs\\ODBUS\\odbusproviderbe\\vendor\\laravel\\framework\\src\\Illuminate\\Routing\\Router.php(625): Illuminate\\Routing\\Router->dispatchToRoute(Object(Illuminate\\Http\\Request))
#17 C:\\xampp7.4.3\\htdocs\\ODBUS\\odbusproviderbe\\vendor\\laravel\\framework\\src\\Illuminate\\Foundation\\Http\\Kernel.php(167): Illuminate\\Routing\\Router->dispatch(Object(Illuminate\\Http\\Request))
#18 C:\\xampp7.4.3\\htdocs\\ODBUS\\odbusproviderbe\\vendor\\laravel\\framework\\src\\Illuminate\\Pipeline\\Pipeline.php(128): Illuminate\\Foundation\\Http\\Kernel->Illuminate\\Foundation\\Http\\{closure}(Object(Illuminate\\Http\\Request))
#19 C:\\xampp7.4.3\\htdocs\\ODBUS\\odbusproviderbe\\app\\Http\\Middleware\\Cors.php(22): Illuminate\\Pipeline\\Pipeline->Illuminate\\Pipeline\\{closure}(Object(Illuminate\\Http\\Request))
#20 C:\\xampp7.4.3\\htdocs\\ODBUS\\odbusproviderbe\\vendor\\laravel\\framework\\src\\Illuminate\\Pipeline\\Pipeline.php(167): App\\Http\\Middleware\\Cors->handle(Object(Illuminate\\Http\\Request), Object(Closure))
#21 C:\\xampp7.4.3\\htdocs\\ODBUS\\odbusproviderbe\\vendor\\laravel\\framework\\src\\Illuminate\\Foundation\\Http\\Middleware\\TransformsRequest.php(21): Illuminate\\Pipeline\\Pipeline->Illuminate\\Pipeline\\{closure}(Object(Illuminate\\Http\\Request))
#22 C:\\xampp7.4.3\\htdocs\\ODBUS\\odbusproviderbe\\vendor\\laravel\\framework\\src\\Illuminate\\Foundation\\Http\\Middleware\\ConvertEmptyStringsToNull.php(31): Illuminate\\Foundation\\Http\\Middleware\\TransformsRequest->handle(Object(Illuminate\\Http\\Request), Object(Closure))
#23 C:\\xampp7.4.3\\htdocs\\ODBUS\\odbusproviderbe\\vendor\\laravel\\framework\\src\\Illuminate\\Pipeline\\Pipeline.php(167): Illuminate\\Foundation\\Http\\Middleware\\ConvertEmptyStringsToNull->handle(Object(Illuminate\\Http\\Request), Object(Closure))
#24 C:\\xampp7.4.3\\htdocs\\ODBUS\\odbusproviderbe\\vendor\\laravel\\framework\\src\\Illuminate\\Foundation\\Http\\Middleware\\TransformsRequest.php(21): Illuminate\\Pipeline\\Pipeline->Illuminate\\Pipeline\\{closure}(Object(Illuminate\\Http\\Request))
#25 C:\\xampp7.4.3\\htdocs\\ODBUS\\odbusproviderbe\\vendor\\laravel\\framework\\src\\Illuminate\\Foundation\\Http\\Middleware\\TrimStrings.php(40): Illuminate\\Foundation\\Http\\Middleware\\TransformsRequest->handle(Object(Illuminate\\Http\\Request), Object(Closure))
#26 C:\\xampp7.4.3\\htdocs\\ODBUS\\odbusproviderbe\\vendor\\laravel\\framework\\src\\Illuminate\\Pipeline\\Pipeline.php(167): Illuminate\\Foundation\\Http\\Middleware\\TrimStrings->handle(Object(Illuminate\\Http\\Request), Object(Closure))
#27 C:\\xampp7.4.3\\htdocs\\ODBUS\\odbusproviderbe\\vendor\\laravel\\framework\\src\\Illuminate\\Foundation\\Http\\Middleware\\ValidatePostSize.php(27): Illuminate\\Pipeline\\Pipeline->Illuminate\\Pipeline\\{closure}(Object(Illuminate\\Http\\Request))
#28 C:\\xampp7.4.3\\htdocs\\ODBUS\\odbusproviderbe\\vendor\\laravel\\framework\\src\\Illuminate\\Pipeline\\Pipeline.php(167): Illuminate\\Foundation\\Http\\Middleware\\ValidatePostSize->handle(Object(Illuminate\\Http\\Request), Object(Closure))
#29 C:\\xampp7.4.3\\htdocs\\ODBUS\\odbusproviderbe\\vendor\\laravel\\framework\\src\\Illuminate\\Foundation\\Http\\Middleware\\PreventRequestsDuringMaintenance.php(86): Illuminate\\Pipeline\\Pipeline->Illuminate\\Pipeline\\{closure}(Object(Illuminate\\Http\\Request))
#30 C:\\xampp7.4.3\\htdocs\\ODBUS\\odbusproviderbe\\vendor\\laravel\\framework\\src\\Illuminate\\Pipeline\\Pipeline.php(167): Illuminate\\Foundation\\Http\\Middleware\\PreventRequestsDuringMaintenance->handle(Object(Illuminate\\Http\\Request), Object(Closure))
#31 C:\\xampp7.4.3\\htdocs\\ODBUS\\odbusproviderbe\\vendor\\fideloper\\proxy\\src\\TrustProxies.php(57): Illuminate\\Pipeline\\Pipeline->Illuminate\\Pipeline\\{closure}(Object(Illuminate\\Http\\Request))
#32 C:\\xampp7.4.3\\htdocs\\ODBUS\\odbusproviderbe\\vendor\\laravel\\framework\\src\\Illuminate\\Pipeline\\Pipeline.php(167): Fideloper\\Proxy\\TrustProxies->handle(Object(Illuminate\\Http\\Request), Object(Closure))
#33 C:\\xampp7.4.3\\htdocs\\ODBUS\\odbusproviderbe\\vendor\\laravel\\framework\\src\\Illuminate\\Pipeline\\Pipeline.php(103): Illuminate\\Pipeline\\Pipeline->Illuminate\\Pipeline\\{closure}(Object(Illuminate\\Http\\Request))
#34 C:\\xampp7.4.3\\htdocs\\ODBUS\\odbusproviderbe\\vendor\\laravel\\framework\\src\\Illuminate\\Foundation\\Http\\Kernel.php(142): Illuminate\\Pipeline\\Pipeline->then(Object(Closure))
#35 C:\\xampp7.4.3\\htdocs\\ODBUS\\odbusproviderbe\\vendor\\laravel\\framework\\src\\Illuminate\\Foundation\\Http\\Kernel.php(111): Illuminate\\Foundation\\Http\\Kernel->sendRequestThroughRouter(Object(Illuminate\\Http\\Request))
#36 C:\\xampp7.4.3\\htdocs\\ODBUS\\odbusproviderbe\\index.php(52): Illuminate\\Foundation\\Http\\Kernel->handle(Object(Illuminate\\Http\\Request))
#37 {main}
"} 
[2025-11-13 10:51:25] local.ERROR: Call to undefined method App\Services\BusOperatorService::getAll() {"exception":"[object] (Error(code: 0): Call to undefined method App\\Services\\BusOperatorService::getAll() at C:\\xampp7.4.3\\htdocs\\ODBUS\\odbusproviderbe\\app\\Http\\Controllers\\BusOperatorController.php:55)
[stacktrace]
#0 C:\\xampp7.4.3\\htdocs\\ODBUS\\odbusproviderbe\\vendor\\laravel\\framework\\src\\Illuminate\\Routing\\Controller.php(54): App\\Http\\Controllers\\BusOperatorController->getAllBusOperators()
#1 C:\\xampp7.4.3\\htdocs\\ODBUS\\odbusproviderbe\\vendor\\laravel\\framework\\src\\Illuminate\\Routing\\ControllerDispatcher.php(45): Illuminate\\Routing\\Controller->callAction('getAllBusOperat...', Array)
#2 C:\\xampp7.4.3\\htdocs\\ODBUS\\odbusproviderbe\\vendor\\laravel\\framework\\src\\Illuminate\\Routing\\Route.php(262): Illuminate\\Routing\\ControllerDispatcher->dispatch(Object(Illuminate\\Routing\\Route), Object(App\\Http\\Controllers\\BusOperatorController), 'getAllBusOperat...')
#3 C:\\xampp7.4.3\\htdocs\\ODBUS\\odbusproviderbe\\vendor\\laravel\\framework\\src\\Illuminate\\Routing\\Route.php(205): Illuminate\\Routing\\Route->runController()
#4 C:\\xampp7.4.3\\htdocs\\ODBUS\\odbusproviderbe\\vendor\\laravel\\framework\\src\\Illuminate\\Routing\\Router.php(695): Illuminate\\Routing\\Route->run()
#5 C:\\xampp7.4.3\\htdocs\\ODBUS\\odbusproviderbe\\vendor\\laravel\\framework\\src\\Illuminate\\Pipeline\\Pipeline.php(128): Illuminate\\Routing\\Router->Illuminate\\Routing\\{closure}(Object(Illuminate\\Http\\Request))
#6 C:\\xampp7.4.3\\htdocs\\ODBUS\\odbusproviderbe\\vendor\\laravel\\framework\\src\\Illuminate\\Routing\\Middleware\\SubstituteBindings.php(50): Illuminate\\Pipeline\\Pipeline->Illuminate\\Pipeline\\{closure}(Object(Illuminate\\Http\\Request))
#7 C:\\xampp7.4.3\\htdocs\\ODBUS\\odbusproviderbe\\vendor\\laravel\\framework\\src\\Illuminate\\Pipeline\\Pipeline.php(167): Illuminate\\Routing\\Middleware\\SubstituteBindings->handle(Object(Illuminate\\Http\\Request), Object(Closure))
#8 C:\\xampp7.4.3\\htdocs\\ODBUS\\odbusproviderbe\\vendor\\laravel\\framework\\src\\Illuminate\\Routing\\Middleware\\ThrottleRequests.php(127): Illuminate\\Pipeline\\Pipeline->Illuminate\\Pipeline\\{closure}(Object(Illuminate\\Http\\Request))
#9 C:\\xampp7.4.3\\htdocs\\ODBUS\\odbusproviderbe\\vendor\\laravel\\framework\\src\\Illuminate\\Routing\\Middleware\\ThrottleRequests.php(103): Illuminate\\Routing\\Middleware\\ThrottleRequests->handleRequest(Object(Illuminate\\Http\\Request), Object(Closure), Array)
#10 C:\\xampp7.4.3\\htdocs\\ODBUS\\odbusproviderbe\\vendor\\laravel\\framework\\src\\Illuminate\\Routing\\Middleware\\ThrottleRequests.php(55): Illuminate\\Routing\\Middleware\\ThrottleRequests->handleRequestUsingNamedLimiter(Object(Illuminate\\Http\\Request), Object(Closure), 'api', Object(Closure))
#11 C:\\xampp7.4.3\\htdocs\\ODBUS\\odbusproviderbe\\vendor\\laravel\\framework\\src\\Illuminate\\Pipeline\\Pipeline.php(167): Illuminate\\Routing\\Middleware\\ThrottleRequests->handle(Object(Illuminate\\Http\\Request), Object(Closure), 'api')
#12 C:\\xampp7.4.3\\htdocs\\ODBUS\\odbusproviderbe\\vendor\\laravel\\framework\\src\\Illuminate\\Pipeline\\Pipeline.php(103): Illuminate\\Pipeline\\Pipeline->Illuminate\\Pipeline\\{closure}(Object(Illuminate\\Http\\Request))
#13 C:\\xampp7.4.3\\htdocs\\ODBUS\\odbusproviderbe\\vendor\\laravel\\framework\\src\\Illuminate\\Routing\\Router.php(697): Illuminate\\Pipeline\\Pipeline->then(Object(Closure))
#14 C:\\xampp7.4.3\\htdocs\\ODBUS\\odbusproviderbe\\vendor\\laravel\\framework\\src\\Illuminate\\Routing\\Router.php(672): Illuminate\\Routing\\Router->runRouteWithinStack(Object(Illuminate\\Routing\\Route), Object(Illuminate\\Http\\Request))
#15 C:\\xampp7.4.3\\htdocs\\ODBUS\\odbusproviderbe\\vendor\\laravel\\framework\\src\\Illuminate\\Routing\\Router.php(636): Illuminate\\Routing\\Router->runRoute(Object(Illuminate\\Http\\Request), Object(Illuminate\\Routing\\Route))
#16 C:\\xampp7.4.3\\htdocs\\ODBUS\\odbusproviderbe\\vendor\\laravel\\framework\\src\\Illuminate\\Routing\\Router.php(625): Illuminate\\Routing\\Router->dispatchToRoute(Object(Illuminate\\Http\\Request))
#17 C:\\xampp7.4.3\\htdocs\\ODBUS\\odbusproviderbe\\vendor\\laravel\\framework\\src\\Illuminate\\Foundation\\Http\\Kernel.php(167): Illuminate\\Routing\\Router->dispatch(Object(Illuminate\\Http\\Request))
#18 C:\\xampp7.4.3\\htdocs\\ODBUS\\odbusproviderbe\\vendor\\laravel\\framework\\src\\Illuminate\\Pipeline\\Pipeline.php(128): Illuminate\\Foundation\\Http\\Kernel->Illuminate\\Foundation\\Http\\{closure}(Object(Illuminate\\Http\\Request))
#19 C:\\xampp7.4.3\\htdocs\\ODBUS\\odbusproviderbe\\app\\Http\\Middleware\\Cors.php(22): Illuminate\\Pipeline\\Pipeline->Illuminate\\Pipeline\\{closure}(Object(Illuminate\\Http\\Request))
#20 C:\\xampp7.4.3\\htdocs\\ODBUS\\odbusproviderbe\\vendor\\laravel\\framework\\src\\Illuminate\\Pipeline\\Pipeline.php(167): App\\Http\\Middleware\\Cors->handle(Object(Illuminate\\Http\\Request), Object(Closure))
#21 C:\\xampp7.4.3\\htdocs\\ODBUS\\odbusproviderbe\\vendor\\laravel\\framework\\src\\Illuminate\\Foundation\\Http\\Middleware\\TransformsRequest.php(21): Illuminate\\Pipeline\\Pipeline->Illuminate\\Pipeline\\{closure}(Object(Illuminate\\Http\\Request))
#22 C:\\xampp7.4.3\\htdocs\\ODBUS\\odbusproviderbe\\vendor\\laravel\\framework\\src\\Illuminate\\Foundation\\Http\\Middleware\\ConvertEmptyStringsToNull.php(31): Illuminate\\Foundation\\Http\\Middleware\\TransformsRequest->handle(Object(Illuminate\\Http\\Request), Object(Closure))
#23 C:\\xampp7.4.3\\htdocs\\ODBUS\\odbusproviderbe\\vendor\\laravel\\framework\\src\\Illuminate\\Pipeline\\Pipeline.php(167): Illuminate\\Foundation\\Http\\Middleware\\ConvertEmptyStringsToNull->handle(Object(Illuminate\\Http\\Request), Object(Closure))
#24 C:\\xampp7.4.3\\htdocs\\ODBUS\\odbusproviderbe\\vendor\\laravel\\framework\\src\\Illuminate\\Foundation\\Http\\Middleware\\TransformsRequest.php(21): Illuminate\\Pipeline\\Pipeline->Illuminate\\Pipeline\\{closure}(Object(Illuminate\\Http\\Request))
#25 C:\\xampp7.4.3\\htdocs\\ODBUS\\odbusproviderbe\\vendor\\laravel\\framework\\src\\Illuminate\\Foundation\\Http\\Middleware\\TrimStrings.php(40): Illuminate\\Foundation\\Http\\Middleware\\TransformsRequest->handle(Object(Illuminate\\Http\\Request), Object(Closure))
#26 C:\\xampp7.4.3\\htdocs\\ODBUS\\odbusproviderbe\\vendor\\laravel\\framework\\src\\Illuminate\\Pipeline\\Pipeline.php(167): Illuminate\\Foundation\\Http\\Middleware\\TrimStrings->handle(Object(Illuminate\\Http\\Request), Object(Closure))
#27 C:\\xampp7.4.3\\htdocs\\ODBUS\\odbusproviderbe\\vendor\\laravel\\framework\\src\\Illuminate\\Foundation\\Http\\Middleware\\ValidatePostSize.php(27): Illuminate\\Pipeline\\Pipeline->Illuminate\\Pipeline\\{closure}(Object(Illuminate\\Http\\Request))
#28 C:\\xampp7.4.3\\htdocs\\ODBUS\\odbusproviderbe\\vendor\\laravel\\framework\\src\\Illuminate\\Pipeline\\Pipeline.php(167): Illuminate\\Foundation\\Http\\Middleware\\ValidatePostSize->handle(Object(Illuminate\\Http\\Request), Object(Closure))
#29 C:\\xampp7.4.3\\htdocs\\ODBUS\\odbusproviderbe\\vendor\\laravel\\framework\\src\\Illuminate\\Foundation\\Http\\Middleware\\PreventRequestsDuringMaintenance.php(86): Illuminate\\Pipeline\\Pipeline->Illuminate\\Pipeline\\{closure}(Object(Illuminate\\Http\\Request))
#30 C:\\xampp7.4.3\\htdocs\\ODBUS\\odbusproviderbe\\vendor\\laravel\\framework\\src\\Illuminate\\Pipeline\\Pipeline.php(167): Illuminate\\Foundation\\Http\\Middleware\\PreventRequestsDuringMaintenance->handle(Object(Illuminate\\Http\\Request), Object(Closure))
#31 C:\\xampp7.4.3\\htdocs\\ODBUS\\odbusproviderbe\\vendor\\fideloper\\proxy\\src\\TrustProxies.php(57): Illuminate\\Pipeline\\Pipeline->Illuminate\\Pipeline\\{closure}(Object(Illuminate\\Http\\Request))
#32 C:\\xampp7.4.3\\htdocs\\ODBUS\\odbusproviderbe\\vendor\\laravel\\framework\\src\\Illuminate\\Pipeline\\Pipeline.php(167): Fideloper\\Proxy\\TrustProxies->handle(Object(Illuminate\\Http\\Request), Object(Closure))
#33 C:\\xampp7.4.3\\htdocs\\ODBUS\\odbusproviderbe\\vendor\\laravel\\framework\\src\\Illuminate\\Pipeline\\Pipeline.php(103): Illuminate\\Pipeline\\Pipeline->Illuminate\\Pipeline\\{closure}(Object(Illuminate\\Http\\Request))
#34 C:\\xampp7.4.3\\htdocs\\ODBUS\\odbusproviderbe\\vendor\\laravel\\framework\\src\\Illuminate\\Foundation\\Http\\Kernel.php(142): Illuminate\\Pipeline\\Pipeline->then(Object(Closure))
#35 C:\\xampp7.4.3\\htdocs\\ODBUS\\odbusproviderbe\\vendor\\laravel\\framework\\src\\Illuminate\\Foundation\\Http\\Kernel.php(111): Illuminate\\Foundation\\Http\\Kernel->sendRequestThroughRouter(Object(Illuminate\\Http\\Request))
#36 C:\\xampp7.4.3\\htdocs\\ODBUS\\odbusproviderbe\\index.php(52): Illuminate\\Foundation\\Http\\Kernel->handle(Object(Illuminate\\Http\\Request))
#37 {main}
"} 
[2025-11-13 10:52:01] local.ERROR: Call to undefined method App\Services\LocationService::getAll() {"exception":"[object] (Error(code: 0): Call to undefined method App\\Services\\LocationService::getAll() at C:\\xampp7.4.3\\htdocs\\ODBUS\\odbusproviderbe\\app\\Http\\Controllers\\LocationController.php:41)
[stacktrace]
#0 C:\\xampp7.4.3\\htdocs\\ODBUS\\odbusproviderbe\\vendor\\laravel\\framework\\src\\Illuminate\\Routing\\Controller.php(54): App\\Http\\Controllers\\LocationController->getAllLocations()
#1 C:\\xampp7.4.3\\htdocs\\ODBUS\\odbusproviderbe\\vendor\\laravel\\framework\\src\\Illuminate\\Routing\\ControllerDispatcher.php(45): Illuminate\\Routing\\Controller->callAction('getAllLocations', Array)
#2 C:\\xampp7.4.3\\htdocs\\ODBUS\\odbusproviderbe\\vendor\\laravel\\framework\\src\\Illuminate\\Routing\\Route.php(262): Illuminate\\Routing\\ControllerDispatcher->dispatch(Object(Illuminate\\Routing\\Route), Object(App\\Http\\Controllers\\LocationController), 'getAllLocations')
#3 C:\\xampp7.4.3\\htdocs\\ODBUS\\odbusproviderbe\\vendor\\laravel\\framework\\src\\Illuminate\\Routing\\Route.php(205): Illuminate\\Routing\\Route->runController()
#4 C:\\xampp7.4.3\\htdocs\\ODBUS\\odbusproviderbe\\vendor\\laravel\\framework\\src\\Illuminate\\Routing\\Router.php(695): Illuminate\\Routing\\Route->run()
#5 C:\\xampp7.4.3\\htdocs\\ODBUS\\odbusproviderbe\\vendor\\laravel\\framework\\src\\Illuminate\\Pipeline\\Pipeline.php(128): Illuminate\\Routing\\Router->Illuminate\\Routing\\{closure}(Object(Illuminate\\Http\\Request))
#6 C:\\xampp7.4.3\\htdocs\\ODBUS\\odbusproviderbe\\vendor\\laravel\\framework\\src\\Illuminate\\Routing\\Middleware\\SubstituteBindings.php(50): Illuminate\\Pipeline\\Pipeline->Illuminate\\Pipeline\\{closure}(Object(Illuminate\\Http\\Request))
#7 C:\\xampp7.4.3\\htdocs\\ODBUS\\odbusproviderbe\\vendor\\laravel\\framework\\src\\Illuminate\\Pipeline\\Pipeline.php(167): Illuminate\\Routing\\Middleware\\SubstituteBindings->handle(Object(Illuminate\\Http\\Request), Object(Closure))
#8 C:\\xampp7.4.3\\htdocs\\ODBUS\\odbusproviderbe\\vendor\\laravel\\framework\\src\\Illuminate\\Routing\\Middleware\\ThrottleRequests.php(127): Illuminate\\Pipeline\\Pipeline->Illuminate\\Pipeline\\{closure}(Object(Illuminate\\Http\\Request))
#9 C:\\xampp7.4.3\\htdocs\\ODBUS\\odbusproviderbe\\vendor\\laravel\\framework\\src\\Illuminate\\Routing\\Middleware\\ThrottleRequests.php(103): Illuminate\\Routing\\Middleware\\ThrottleRequests->handleRequest(Object(Illuminate\\Http\\Request), Object(Closure), Array)
#10 C:\\xampp7.4.3\\htdocs\\ODBUS\\odbusproviderbe\\vendor\\laravel\\framework\\src\\Illuminate\\Routing\\Middleware\\ThrottleRequests.php(55): Illuminate\\Routing\\Middleware\\ThrottleRequests->handleRequestUsingNamedLimiter(Object(Illuminate\\Http\\Request), Object(Closure), 'api', Object(Closure))
#11 C:\\xampp7.4.3\\htdocs\\ODBUS\\odbusproviderbe\\vendor\\laravel\\framework\\src\\Illuminate\\Pipeline\\Pipeline.php(167): Illuminate\\Routing\\Middleware\\ThrottleRequests->handle(Object(Illuminate\\Http\\Request), Object(Closure), 'api')
#12 C:\\xampp7.4.3\\htdocs\\ODBUS\\odbusproviderbe\\vendor\\laravel\\framework\\src\\Illuminate\\Pipeline\\Pipeline.php(103): Illuminate\\Pipeline\\Pipeline->Illuminate\\Pipeline\\{closure}(Object(Illuminate\\Http\\Request))
#13 C:\\xampp7.4.3\\htdocs\\ODBUS\\odbusproviderbe\\vendor\\laravel\\framework\\src\\Illuminate\\Routing\\Router.php(697): Illuminate\\Pipeline\\Pipeline->then(Object(Closure))
#14 C:\\xampp7.4.3\\htdocs\\ODBUS\\odbusproviderbe\\vendor\\laravel\\framework\\src\\Illuminate\\Routing\\Router.php(672): Illuminate\\Routing\\Router->runRouteWithinStack(Object(Illuminate\\Routing\\Route), Object(Illuminate\\Http\\Request))
#15 C:\\xampp7.4.3\\htdocs\\ODBUS\\odbusproviderbe\\vendor\\laravel\\framework\\src\\Illuminate\\Routing\\Router.php(636): Illuminate\\Routing\\Router->runRoute(Object(Illuminate\\Http\\Request), Object(Illuminate\\Routing\\Route))
#16 C:\\xampp7.4.3\\htdocs\\ODBUS\\odbusproviderbe\\vendor\\laravel\\framework\\src\\Illuminate\\Routing\\Router.php(625): Illuminate\\Routing\\Router->dispatchToRoute(Object(Illuminate\\Http\\Request))
#17 C:\\xampp7.4.3\\htdocs\\ODBUS\\odbusproviderbe\\vendor\\laravel\\framework\\src\\Illuminate\\Foundation\\Http\\Kernel.php(167): Illuminate\\Routing\\Router->dispatch(Object(Illuminate\\Http\\Request))
#18 C:\\xampp7.4.3\\htdocs\\ODBUS\\odbusproviderbe\\vendor\\laravel\\framework\\src\\Illuminate\\Pipeline\\Pipeline.php(128): Illuminate\\Foundation\\Http\\Kernel->Illuminate\\Foundation\\Http\\{closure}(Object(Illuminate\\Http\\Request))
#19 C:\\xampp7.4.3\\htdocs\\ODBUS\\odbusproviderbe\\app\\Http\\Middleware\\Cors.php(22): Illuminate\\Pipeline\\Pipeline->Illuminate\\Pipeline\\{closure}(Object(Illuminate\\Http\\Request))
#20 C:\\xampp7.4.3\\htdocs\\ODBUS\\odbusproviderbe\\vendor\\laravel\\framework\\src\\Illuminate\\Pipeline\\Pipeline.php(167): App\\Http\\Middleware\\Cors->handle(Object(Illuminate\\Http\\Request), Object(Closure))
#21 C:\\xampp7.4.3\\htdocs\\ODBUS\\odbusproviderbe\\vendor\\laravel\\framework\\src\\Illuminate\\Foundation\\Http\\Middleware\\TransformsRequest.php(21): Illuminate\\Pipeline\\Pipeline->Illuminate\\Pipeline\\{closure}(Object(Illuminate\\Http\\Request))
#22 C:\\xampp7.4.3\\htdocs\\ODBUS\\odbusproviderbe\\vendor\\laravel\\framework\\src\\Illuminate\\Foundation\\Http\\Middleware\\ConvertEmptyStringsToNull.php(31): Illuminate\\Foundation\\Http\\Middleware\\TransformsRequest->handle(Object(Illuminate\\Http\\Request), Object(Closure))
#23 C:\\xampp7.4.3\\htdocs\\ODBUS\\odbusproviderbe\\vendor\\laravel\\framework\\src\\Illuminate\\Pipeline\\Pipeline.php(167): Illuminate\\Foundation\\Http\\Middleware\\ConvertEmptyStringsToNull->handle(Object(Illuminate\\Http\\Request), Object(Closure))
#24 C:\\xampp7.4.3\\htdocs\\ODBUS\\odbusproviderbe\\vendor\\laravel\\framework\\src\\Illuminate\\Foundation\\Http\\Middleware\\TransformsRequest.php(21): Illuminate\\Pipeline\\Pipeline->Illuminate\\Pipeline\\{closure}(Object(Illuminate\\Http\\Request))
#25 C:\\xampp7.4.3\\htdocs\\ODBUS\\odbusproviderbe\\vendor\\laravel\\framework\\src\\Illuminate\\Foundation\\Http\\Middleware\\TrimStrings.php(40): Illuminate\\Foundation\\Http\\Middleware\\TransformsRequest->handle(Object(Illuminate\\Http\\Request), Object(Closure))
#26 C:\\xampp7.4.3\\htdocs\\ODBUS\\odbusproviderbe\\vendor\\laravel\\framework\\src\\Illuminate\\Pipeline\\Pipeline.php(167): Illuminate\\Foundation\\Http\\Middleware\\TrimStrings->handle(Object(Illuminate\\Http\\Request), Object(Closure))
#27 C:\\xampp7.4.3\\htdocs\\ODBUS\\odbusproviderbe\\vendor\\laravel\\framework\\src\\Illuminate\\Foundation\\Http\\Middleware\\ValidatePostSize.php(27): Illuminate\\Pipeline\\Pipeline->Illuminate\\Pipeline\\{closure}(Object(Illuminate\\Http\\Request))
#28 C:\\xampp7.4.3\\htdocs\\ODBUS\\odbusproviderbe\\vendor\\laravel\\framework\\src\\Illuminate\\Pipeline\\Pipeline.php(167): Illuminate\\Foundation\\Http\\Middleware\\ValidatePostSize->handle(Object(Illuminate\\Http\\Request), Object(Closure))
#29 C:\\xampp7.4.3\\htdocs\\ODBUS\\odbusproviderbe\\vendor\\laravel\\framework\\src\\Illuminate\\Foundation\\Http\\Middleware\\PreventRequestsDuringMaintenance.php(86): Illuminate\\Pipeline\\Pipeline->Illuminate\\Pipeline\\{closure}(Object(Illuminate\\Http\\Request))
#30 C:\\xampp7.4.3\\htdocs\\ODBUS\\odbusproviderbe\\vendor\\laravel\\framework\\src\\Illuminate\\Pipeline\\Pipeline.php(167): Illuminate\\Foundation\\Http\\Middleware\\PreventRequestsDuringMaintenance->handle(Object(Illuminate\\Http\\Request), Object(Closure))
#31 C:\\xampp7.4.3\\htdocs\\ODBUS\\odbusproviderbe\\vendor\\fideloper\\proxy\\src\\TrustProxies.php(57): Illuminate\\Pipeline\\Pipeline->Illuminate\\Pipeline\\{closure}(Object(Illuminate\\Http\\Request))
#32 C:\\xampp7.4.3\\htdocs\\ODBUS\\odbusproviderbe\\vendor\\laravel\\framework\\src\\Illuminate\\Pipeline\\Pipeline.php(167): Fideloper\\Proxy\\TrustProxies->handle(Object(Illuminate\\Http\\Request), Object(Closure))
#33 C:\\xampp7.4.3\\htdocs\\ODBUS\\odbusproviderbe\\vendor\\laravel\\framework\\src\\Illuminate\\Pipeline\\Pipeline.php(103): Illuminate\\Pipeline\\Pipeline->Illuminate\\Pipeline\\{closure}(Object(Illuminate\\Http\\Request))
#34 C:\\xampp7.4.3\\htdocs\\ODBUS\\odbusproviderbe\\vendor\\laravel\\framework\\src\\Illuminate\\Foundation\\Http\\Kernel.php(142): Illuminate\\Pipeline\\Pipeline->then(Object(Closure))
#35 C:\\xampp7.4.3\\htdocs\\ODBUS\\odbusproviderbe\\vendor\\laravel\\framework\\src\\Illuminate\\Foundation\\Http\\Kernel.php(111): Illuminate\\Foundation\\Http\\Kernel->sendRequestThroughRouter(Object(Illuminate\\Http\\Request))
#36 C:\\xampp7.4.3\\htdocs\\ODBUS\\odbusproviderbe\\index.php(52): Illuminate\\Foundation\\Http\\Kernel->handle(Object(Illuminate\\Http\\Request))
#37 {main}
"} 
[2025-11-13 10:52:01] local.ERROR: Call to undefined method App\Services\BusOperatorService::getAll() {"exception":"[object] (Error(code: 0): Call to undefined method App\\Services\\BusOperatorService::getAll() at C:\\xampp7.4.3\\htdocs\\ODBUS\\odbusproviderbe\\app\\Http\\Controllers\\BusOperatorController.php:55)
[stacktrace]
#0 C:\\xampp7.4.3\\htdocs\\ODBUS\\odbusproviderbe\\vendor\\laravel\\framework\\src\\Illuminate\\Routing\\Controller.php(54): App\\Http\\Controllers\\BusOperatorController->getAllBusOperators()
#1 C:\\xampp7.4.3\\htdocs\\ODBUS\\odbusproviderbe\\vendor\\laravel\\framework\\src\\Illuminate\\Routing\\ControllerDispatcher.php(45): Illuminate\\Routing\\Controller->callAction('getAllBusOperat...', Array)
#2 C:\\xampp7.4.3\\htdocs\\ODBUS\\odbusproviderbe\\vendor\\laravel\\framework\\src\\Illuminate\\Routing\\Route.php(262): Illuminate\\Routing\\ControllerDispatcher->dispatch(Object(Illuminate\\Routing\\Route), Object(App\\Http\\Controllers\\BusOperatorController), 'getAllBusOperat...')
#3 C:\\xampp7.4.3\\htdocs\\ODBUS\\odbusproviderbe\\vendor\\laravel\\framework\\src\\Illuminate\\Routing\\Route.php(205): Illuminate\\Routing\\Route->runController()
#4 C:\\xampp7.4.3\\htdocs\\ODBUS\\odbusproviderbe\\vendor\\laravel\\framework\\src\\Illuminate\\Routing\\Router.php(695): Illuminate\\Routing\\Route->run()
#5 C:\\xampp7.4.3\\htdocs\\ODBUS\\odbusproviderbe\\vendor\\laravel\\framework\\src\\Illuminate\\Pipeline\\Pipeline.php(128): Illuminate\\Routing\\Router->Illuminate\\Routing\\{closure}(Object(Illuminate\\Http\\Request))
#6 C:\\xampp7.4.3\\htdocs\\ODBUS\\odbusproviderbe\\vendor\\laravel\\framework\\src\\Illuminate\\Routing\\Middleware\\SubstituteBindings.php(50): Illuminate\\Pipeline\\Pipeline->Illuminate\\Pipeline\\{closure}(Object(Illuminate\\Http\\Request))
#7 C:\\xampp7.4.3\\htdocs\\ODBUS\\odbusproviderbe\\vendor\\laravel\\framework\\src\\Illuminate\\Pipeline\\Pipeline.php(167): Illuminate\\Routing\\Middleware\\SubstituteBindings->handle(Object(Illuminate\\Http\\Request), Object(Closure))
#8 C:\\xampp7.4.3\\htdocs\\ODBUS\\odbusproviderbe\\vendor\\laravel\\framework\\src\\Illuminate\\Routing\\Middleware\\ThrottleRequests.php(127): Illuminate\\Pipeline\\Pipeline->Illuminate\\Pipeline\\{closure}(Object(Illuminate\\Http\\Request))
#9 C:\\xampp7.4.3\\htdocs\\ODBUS\\odbusproviderbe\\vendor\\laravel\\framework\\src\\Illuminate\\Routing\\Middleware\\ThrottleRequests.php(103): Illuminate\\Routing\\Middleware\\ThrottleRequests->handleRequest(Object(Illuminate\\Http\\Request), Object(Closure), Array)
#10 C:\\xampp7.4.3\\htdocs\\ODBUS\\odbusproviderbe\\vendor\\laravel\\framework\\src\\Illuminate\\Routing\\Middleware\\ThrottleRequests.php(55): Illuminate\\Routing\\Middleware\\ThrottleRequests->handleRequestUsingNamedLimiter(Object(Illuminate\\Http\\Request), Object(Closure), 'api', Object(Closure))
#11 C:\\xampp7.4.3\\htdocs\\ODBUS\\odbusproviderbe\\vendor\\laravel\\framework\\src\\Illuminate\\Pipeline\\Pipeline.php(167): Illuminate\\Routing\\Middleware\\ThrottleRequests->handle(Object(Illuminate\\Http\\Request), Object(Closure), 'api')
#12 C:\\xampp7.4.3\\htdocs\\ODBUS\\odbusproviderbe\\vendor\\laravel\\framework\\src\\Illuminate\\Pipeline\\Pipeline.php(103): Illuminate\\Pipeline\\Pipeline->Illuminate\\Pipeline\\{closure}(Object(Illuminate\\Http\\Request))
#13 C:\\xampp7.4.3\\htdocs\\ODBUS\\odbusproviderbe\\vendor\\laravel\\framework\\src\\Illuminate\\Routing\\Router.php(697): Illuminate\\Pipeline\\Pipeline->then(Object(Closure))
#14 C:\\xampp7.4.3\\htdocs\\ODBUS\\odbusproviderbe\\vendor\\laravel\\framework\\src\\Illuminate\\Routing\\Router.php(672): Illuminate\\Routing\\Router->runRouteWithinStack(Object(Illuminate\\Routing\\Route), Object(Illuminate\\Http\\Request))
#15 C:\\xampp7.4.3\\htdocs\\ODBUS\\odbusproviderbe\\vendor\\laravel\\framework\\src\\Illuminate\\Routing\\Router.php(636): Illuminate\\Routing\\Router->runRoute(Object(Illuminate\\Http\\Request), Object(Illuminate\\Routing\\Route))
#16 C:\\xampp7.4.3\\htdocs\\ODBUS\\odbusproviderbe\\vendor\\laravel\\framework\\src\\Illuminate\\Routing\\Router.php(625): Illuminate\\Routing\\Router->dispatchToRoute(Object(Illuminate\\Http\\Request))
#17 C:\\xampp7.4.3\\htdocs\\ODBUS\\odbusproviderbe\\vendor\\laravel\\framework\\src\\Illuminate\\Foundation\\Http\\Kernel.php(167): Illuminate\\Routing\\Router->dispatch(Object(Illuminate\\Http\\Request))
#18 C:\\xampp7.4.3\\htdocs\\ODBUS\\odbusproviderbe\\vendor\\laravel\\framework\\src\\Illuminate\\Pipeline\\Pipeline.php(128): Illuminate\\Foundation\\Http\\Kernel->Illuminate\\Foundation\\Http\\{closure}(Object(Illuminate\\Http\\Request))
#19 C:\\xampp7.4.3\\htdocs\\ODBUS\\odbusproviderbe\\app\\Http\\Middleware\\Cors.php(22): Illuminate\\Pipeline\\Pipeline->Illuminate\\Pipeline\\{closure}(Object(Illuminate\\Http\\Request))
#20 C:\\xampp7.4.3\\htdocs\\ODBUS\\odbusproviderbe\\vendor\\laravel\\framework\\src\\Illuminate\\Pipeline\\Pipeline.php(167): App\\Http\\Middleware\\Cors->handle(Object(Illuminate\\Http\\Request), Object(Closure))
#21 C:\\xampp7.4.3\\htdocs\\ODBUS\\odbusproviderbe\\vendor\\laravel\\framework\\src\\Illuminate\\Foundation\\Http\\Middleware\\TransformsRequest.php(21): Illuminate\\Pipeline\\Pipeline->Illuminate\\Pipeline\\{closure}(Object(Illuminate\\Http\\Request))
#22 C:\\xampp7.4.3\\htdocs\\ODBUS\\odbusproviderbe\\vendor\\laravel\\framework\\src\\Illuminate\\Foundation\\Http\\Middleware\\ConvertEmptyStringsToNull.php(31): Illuminate\\Foundation\\Http\\Middleware\\TransformsRequest->handle(Object(Illuminate\\Http\\Request), Object(Closure))
#23 C:\\xampp7.4.3\\htdocs\\ODBUS\\odbusproviderbe\\vendor\\laravel\\framework\\src\\Illuminate\\Pipeline\\Pipeline.php(167): Illuminate\\Foundation\\Http\\Middleware\\ConvertEmptyStringsToNull->handle(Object(Illuminate\\Http\\Request), Object(Closure))
#24 C:\\xampp7.4.3\\htdocs\\ODBUS\\odbusproviderbe\\vendor\\laravel\\framework\\src\\Illuminate\\Foundation\\Http\\Middleware\\TransformsRequest.php(21): Illuminate\\Pipeline\\Pipeline->Illuminate\\Pipeline\\{closure}(Object(Illuminate\\Http\\Request))
#25 C:\\xampp7.4.3\\htdocs\\ODBUS\\odbusproviderbe\\vendor\\laravel\\framework\\src\\Illuminate\\Foundation\\Http\\Middleware\\TrimStrings.php(40): Illuminate\\Foundation\\Http\\Middleware\\TransformsRequest->handle(Object(Illuminate\\Http\\Request), Object(Closure))
#26 C:\\xampp7.4.3\\htdocs\\ODBUS\\odbusproviderbe\\vendor\\laravel\\framework\\src\\Illuminate\\Pipeline\\Pipeline.php(167): Illuminate\\Foundation\\Http\\Middleware\\TrimStrings->handle(Object(Illuminate\\Http\\Request), Object(Closure))
#27 C:\\xampp7.4.3\\htdocs\\ODBUS\\odbusproviderbe\\vendor\\laravel\\framework\\src\\Illuminate\\Foundation\\Http\\Middleware\\ValidatePostSize.php(27): Illuminate\\Pipeline\\Pipeline->Illuminate\\Pipeline\\{closure}(Object(Illuminate\\Http\\Request))
#28 C:\\xampp7.4.3\\htdocs\\ODBUS\\odbusproviderbe\\vendor\\laravel\\framework\\src\\Illuminate\\Pipeline\\Pipeline.php(167): Illuminate\\Foundation\\Http\\Middleware\\ValidatePostSize->handle(Object(Illuminate\\Http\\Request), Object(Closure))
#29 C:\\xampp7.4.3\\htdocs\\ODBUS\\odbusproviderbe\\vendor\\laravel\\framework\\src\\Illuminate\\Foundation\\Http\\Middleware\\PreventRequestsDuringMaintenance.php(86): Illuminate\\Pipeline\\Pipeline->Illuminate\\Pipeline\\{closure}(Object(Illuminate\\Http\\Request))
#30 C:\\xampp7.4.3\\htdocs\\ODBUS\\odbusproviderbe\\vendor\\laravel\\framework\\src\\Illuminate\\Pipeline\\Pipeline.php(167): Illuminate\\Foundation\\Http\\Middleware\\PreventRequestsDuringMaintenance->handle(Object(Illuminate\\Http\\Request), Object(Closure))
#31 C:\\xampp7.4.3\\htdocs\\ODBUS\\odbusproviderbe\\vendor\\fideloper\\proxy\\src\\TrustProxies.php(57): Illuminate\\Pipeline\\Pipeline->Illuminate\\Pipeline\\{closure}(Object(Illuminate\\Http\\Request))
#32 C:\\xampp7.4.3\\htdocs\\ODBUS\\odbusproviderbe\\vendor\\laravel\\framework\\src\\Illuminate\\Pipeline\\Pipeline.php(167): Fideloper\\Proxy\\TrustProxies->handle(Object(Illuminate\\Http\\Request), Object(Closure))
#33 C:\\xampp7.4.3\\htdocs\\ODBUS\\odbusproviderbe\\vendor\\laravel\\framework\\src\\Illuminate\\Pipeline\\Pipeline.php(103): Illuminate\\Pipeline\\Pipeline->Illuminate\\Pipeline\\{closure}(Object(Illuminate\\Http\\Request))
#34 C:\\xampp7.4.3\\htdocs\\ODBUS\\odbusproviderbe\\vendor\\laravel\\framework\\src\\Illuminate\\Foundation\\Http\\Kernel.php(142): Illuminate\\Pipeline\\Pipeline->then(Object(Closure))
#35 C:\\xampp7.4.3\\htdocs\\ODBUS\\odbusproviderbe\\vendor\\laravel\\framework\\src\\Illuminate\\Foundation\\Http\\Kernel.php(111): Illuminate\\Foundation\\Http\\Kernel->sendRequestThroughRouter(Object(Illuminate\\Http\\Request))
#36 C:\\xampp7.4.3\\htdocs\\ODBUS\\odbusproviderbe\\index.php(52): Illuminate\\Foundation\\Http\\Kernel->handle(Object(Illuminate\\Http\\Request))
#37 {main}
"} 
[2025-11-13 16:04:18] production.ERROR: syntax error, unexpected '<<' (T_SL), expecting function (T_FUNCTION) or const (T_CONST) {"exception":"[object] (ParseError(code: 0): syntax error, unexpected '<<' (T_SL), expecting function (T_FUNCTION) or const (T_CONST) at C:\\xampp7.4.3\\htdocs\\ODBUS\\odbusproviderbe\\app\\Http\\Controllers\\AgentWalletController.php:24)
[stacktrace]
#0 C:\\xampp7.4.3\\htdocs\\ODBUS\\odbusproviderbe\\vendor\\composer\\ClassLoader.php(427): Composer\\Autoload\\{closure}('C:\\\\xampp7.4.3\\\\h...')
#1 [internal function]: Composer\\Autoload\\ClassLoader->loadClass('App\\\\Http\\\\Contro...')
#2 [internal function]: spl_autoload_call('App\\\\Http\\\\Contro...')
#3 C:\\xampp7.4.3\\htdocs\\ODBUS\\odbusproviderbe\\vendor\\laravel\\framework\\src\\Illuminate\\Container\\Container.php(877): ReflectionClass->__construct('App\\\\Http\\\\Contro...')
#4 C:\\xampp7.4.3\\htdocs\\ODBUS\\odbusproviderbe\\vendor\\laravel\\framework\\src\\Illuminate\\Container\\Container.php(758): Illuminate\\Container\\Container->build('App\\\\Http\\\\Contro...')
#5 C:\\xampp7.4.3\\htdocs\\ODBUS\\odbusproviderbe\\vendor\\laravel\\framework\\src\\Illuminate\\Foundation\\Application.php(851): Illuminate\\Container\\Container->resolve('App\\\\Http\\\\Contro...', Array, true)
#6 C:\\xampp7.4.3\\htdocs\\ODBUS\\odbusproviderbe\\vendor\\laravel\\framework\\src\\Illuminate\\Container\\Container.php(694): Illuminate\\Foundation\\Application->resolve('App\\\\Http\\\\Contro...', Array)
#7 C:\\xampp7.4.3\\htdocs\\ODBUS\\odbusproviderbe\\vendor\\laravel\\framework\\src\\Illuminate\\Foundation\\Application.php(836): Illuminate\\Container\\Container->make('App\\\\Http\\\\Contro...', Array)
#8 C:\\xampp7.4.3\\htdocs\\ODBUS\\odbusproviderbe\\vendor\\laravel\\framework\\src\\Illuminate\\Routing\\Route.php(276): Illuminate\\Foundation\\Application->make('App\\\\Http\\\\Contro...')
#9 C:\\xampp7.4.3\\htdocs\\ODBUS\\odbusproviderbe\\vendor\\laravel\\framework\\src\\Illuminate\\Routing\\Route.php(1069): Illuminate\\Routing\\Route->getController()
#10 C:\\xampp7.4.3\\htdocs\\ODBUS\\odbusproviderbe\\vendor\\laravel\\framework\\src\\Illuminate\\Routing\\Route.php(1012): Illuminate\\Routing\\Route->controllerMiddleware()
#11 C:\\xampp7.4.3\\htdocs\\ODBUS\\odbusproviderbe\\vendor\\laravel\\framework\\src\\Illuminate\\Routing\\Router.php(708): Illuminate\\Routing\\Route->gatherMiddleware()
#12 C:\\xampp7.4.3\\htdocs\\ODBUS\\odbusproviderbe\\vendor\\laravel\\framework\\src\\Illuminate\\Routing\\Router.php(688): Illuminate\\Routing\\Router->gatherRouteMiddleware(Object(Illuminate\\Routing\\Route))
#13 C:\\xampp7.4.3\\htdocs\\ODBUS\\odbusproviderbe\\vendor\\laravel\\framework\\src\\Illuminate\\Routing\\Router.php(672): Illuminate\\Routing\\Router->runRouteWithinStack(Object(Illuminate\\Routing\\Route), Object(Illuminate\\Http\\Request))
#14 C:\\xampp7.4.3\\htdocs\\ODBUS\\odbusproviderbe\\vendor\\laravel\\framework\\src\\Illuminate\\Routing\\Router.php(636): Illuminate\\Routing\\Router->runRoute(Object(Illuminate\\Http\\Request), Object(Illuminate\\Routing\\Route))
#15 C:\\xampp7.4.3\\htdocs\\ODBUS\\odbusproviderbe\\vendor\\laravel\\framework\\src\\Illuminate\\Routing\\Router.php(625): Illuminate\\Routing\\Router->dispatchToRoute(Object(Illuminate\\Http\\Request))
#16 C:\\xampp7.4.3\\htdocs\\ODBUS\\odbusproviderbe\\vendor\\laravel\\framework\\src\\Illuminate\\Foundation\\Http\\Kernel.php(167): Illuminate\\Routing\\Router->dispatch(Object(Illuminate\\Http\\Request))
#17 C:\\xampp7.4.3\\htdocs\\ODBUS\\odbusproviderbe\\vendor\\laravel\\framework\\src\\Illuminate\\Pipeline\\Pipeline.php(128): Illuminate\\Foundation\\Http\\Kernel->Illuminate\\Foundation\\Http\\{closure}(Object(Illuminate\\Http\\Request))
#18 C:\\xampp7.4.3\\htdocs\\ODBUS\\odbusproviderbe\\app\\Http\\Middleware\\Cors.php(22): Illuminate\\Pipeline\\Pipeline->Illuminate\\Pipeline\\{closure}(Object(Illuminate\\Http\\Request))
#19 C:\\xampp7.4.3\\htdocs\\ODBUS\\odbusproviderbe\\vendor\\laravel\\framework\\src\\Illuminate\\Pipeline\\Pipeline.php(167): App\\Http\\Middleware\\Cors->handle(Object(Illuminate\\Http\\Request), Object(Closure))
#20 C:\\xampp7.4.3\\htdocs\\ODBUS\\odbusproviderbe\\vendor\\laravel\\framework\\src\\Illuminate\\Foundation\\Http\\Middleware\\TransformsRequest.php(21): Illuminate\\Pipeline\\Pipeline->Illuminate\\Pipeline\\{closure}(Object(Illuminate\\Http\\Request))
#21 C:\\xampp7.4.3\\htdocs\\ODBUS\\odbusproviderbe\\vendor\\laravel\\framework\\src\\Illuminate\\Foundation\\Http\\Middleware\\ConvertEmptyStringsToNull.php(31): Illuminate\\Foundation\\Http\\Middleware\\TransformsRequest->handle(Object(Illuminate\\Http\\Request), Object(Closure))
#22 C:\\xampp7.4.3\\htdocs\\ODBUS\\odbusproviderbe\\vendor\\laravel\\framework\\src\\Illuminate\\Pipeline\\Pipeline.php(167): Illuminate\\Foundation\\Http\\Middleware\\ConvertEmptyStringsToNull->handle(Object(Illuminate\\Http\\Request), Object(Closure))
#23 C:\\xampp7.4.3\\htdocs\\ODBUS\\odbusproviderbe\\vendor\\laravel\\framework\\src\\Illuminate\\Foundation\\Http\\Middleware\\TransformsRequest.php(21): Illuminate\\Pipeline\\Pipeline->Illuminate\\Pipeline\\{closure}(Object(Illuminate\\Http\\Request))
#24 C:\\xampp7.4.3\\htdocs\\ODBUS\\odbusproviderbe\\vendor\\laravel\\framework\\src\\Illuminate\\Foundation\\Http\\Middleware\\TrimStrings.php(40): Illuminate\\Foundation\\Http\\Middleware\\TransformsRequest->handle(Object(Illuminate\\Http\\Request), Object(Closure))
#25 C:\\xampp7.4.3\\htdocs\\ODBUS\\odbusproviderbe\\vendor\\laravel\\framework\\src\\Illuminate\\Pipeline\\Pipeline.php(167): Illuminate\\Foundation\\Http\\Middleware\\TrimStrings->handle(Object(Illuminate\\Http\\Request), Object(Closure))
#26 C:\\xampp7.4.3\\htdocs\\ODBUS\\odbusproviderbe\\vendor\\laravel\\framework\\src\\Illuminate\\Foundation\\Http\\Middleware\\ValidatePostSize.php(27): Illuminate\\Pipeline\\Pipeline->Illuminate\\Pipeline\\{closure}(Object(Illuminate\\Http\\Request))
#27 C:\\xampp7.4.3\\htdocs\\ODBUS\\odbusproviderbe\\vendor\\laravel\\framework\\src\\Illuminate\\Pipeline\\Pipeline.php(167): Illuminate\\Foundation\\Http\\Middleware\\ValidatePostSize->handle(Object(Illuminate\\Http\\Request), Object(Closure))
#28 C:\\xampp7.4.3\\htdocs\\ODBUS\\odbusproviderbe\\vendor\\laravel\\framework\\src\\Illuminate\\Foundation\\Http\\Middleware\\PreventRequestsDuringMaintenance.php(86): Illuminate\\Pipeline\\Pipeline->Illuminate\\Pipeline\\{closure}(Object(Illuminate\\Http\\Request))
#29 C:\\xampp7.4.3\\htdocs\\ODBUS\\odbusproviderbe\\vendor\\laravel\\framework\\src\\Illuminate\\Pipeline\\Pipeline.php(167): Illuminate\\Foundation\\Http\\Middleware\\PreventRequestsDuringMaintenance->handle(Object(Illuminate\\Http\\Request), Object(Closure))
#30 C:\\xampp7.4.3\\htdocs\\ODBUS\\odbusproviderbe\\vendor\\fideloper\\proxy\\src\\TrustProxies.php(57): Illuminate\\Pipeline\\Pipeline->Illuminate\\Pipeline\\{closure}(Object(Illuminate\\Http\\Request))
#31 C:\\xampp7.4.3\\htdocs\\ODBUS\\odbusproviderbe\\vendor\\laravel\\framework\\src\\Illuminate\\Pipeline\\Pipeline.php(167): Fideloper\\Proxy\\TrustProxies->handle(Object(Illuminate\\Http\\Request), Object(Closure))
#32 C:\\xampp7.4.3\\htdocs\\ODBUS\\odbusproviderbe\\vendor\\laravel\\framework\\src\\Illuminate\\Pipeline\\Pipeline.php(103): Illuminate\\Pipeline\\Pipeline->Illuminate\\Pipeline\\{closure}(Object(Illuminate\\Http\\Request))
#33 C:\\xampp7.4.3\\htdocs\\ODBUS\\odbusproviderbe\\vendor\\laravel\\framework\\src\\Illuminate\\Foundation\\Http\\Kernel.php(142): Illuminate\\Pipeline\\Pipeline->then(Object(Closure))
#34 C:\\xampp7.4.3\\htdocs\\ODBUS\\odbusproviderbe\\vendor\\laravel\\framework\\src\\Illuminate\\Foundation\\Http\\Kernel.php(111): Illuminate\\Foundation\\Http\\Kernel->sendRequestThroughRouter(Object(Illuminate\\Http\\Request))
#35 C:\\xampp7.4.3\\htdocs\\ODBUS\\odbusproviderbe\\index.php(52): Illuminate\\Foundation\\Http\\Kernel->handle(Object(Illuminate\\Http\\Request))
#36 {main}
"} 
[2025-11-13 16:05:49] local.ERROR: syntax error, unexpected '<<' (T_SL), expecting function (T_FUNCTION) or const (T_CONST) {"exception":"[object] (ParseError(code: 0): syntax error, unexpected '<<' (T_SL), expecting function (T_FUNCTION) or const (T_CONST) at C:\\xampp7.4.3\\htdocs\\ODBUS\\odbusproviderbe\\app\\Http\\Controllers\\AgentWalletController.php:51)
[stacktrace]
#0 C:\\xampp7.4.3\\htdocs\\ODBUS\\odbusproviderbe\\vendor\\composer\\ClassLoader.php(427): Composer\\Autoload\\{closure}('C:\\\\xampp7.4.3\\\\h...')
#1 [internal function]: Composer\\Autoload\\ClassLoader->loadClass('App\\\\Http\\\\Contro...')
#2 [internal function]: spl_autoload_call('App\\\\Http\\\\Contro...')
#3 C:\\xampp7.4.3\\htdocs\\ODBUS\\odbusproviderbe\\vendor\\laravel\\framework\\src\\Illuminate\\Container\\Container.php(877): ReflectionClass->__construct('App\\\\Http\\\\Contro...')
#4 C:\\xampp7.4.3\\htdocs\\ODBUS\\odbusproviderbe\\vendor\\laravel\\framework\\src\\Illuminate\\Container\\Container.php(758): Illuminate\\Container\\Container->build('App\\\\Http\\\\Contro...')
#5 C:\\xampp7.4.3\\htdocs\\ODBUS\\odbusproviderbe\\vendor\\laravel\\framework\\src\\Illuminate\\Foundation\\Application.php(851): Illuminate\\Container\\Container->resolve('App\\\\Http\\\\Contro...', Array, true)
#6 C:\\xampp7.4.3\\htdocs\\ODBUS\\odbusproviderbe\\vendor\\laravel\\framework\\src\\Illuminate\\Container\\Container.php(694): Illuminate\\Foundation\\Application->resolve('App\\\\Http\\\\Contro...', Array)
#7 C:\\xampp7.4.3\\htdocs\\ODBUS\\odbusproviderbe\\vendor\\laravel\\framework\\src\\Illuminate\\Foundation\\Application.php(836): Illuminate\\Container\\Container->make('App\\\\Http\\\\Contro...', Array)
#8 C:\\xampp7.4.3\\htdocs\\ODBUS\\odbusproviderbe\\vendor\\laravel\\framework\\src\\Illuminate\\Routing\\Route.php(276): Illuminate\\Foundation\\Application->make('App\\\\Http\\\\Contro...')
#9 C:\\xampp7.4.3\\htdocs\\ODBUS\\odbusproviderbe\\vendor\\laravel\\framework\\src\\Illuminate\\Routing\\Route.php(1069): Illuminate\\Routing\\Route->getController()
#10 C:\\xampp7.4.3\\htdocs\\ODBUS\\odbusproviderbe\\vendor\\laravel\\framework\\src\\Illuminate\\Routing\\Route.php(1012): Illuminate\\Routing\\Route->controllerMiddleware()
#11 C:\\xampp7.4.3\\htdocs\\ODBUS\\odbusproviderbe\\vendor\\laravel\\framework\\src\\Illuminate\\Routing\\Router.php(708): Illuminate\\Routing\\Route->gatherMiddleware()
#12 C:\\xampp7.4.3\\htdocs\\ODBUS\\odbusproviderbe\\vendor\\laravel\\framework\\src\\Illuminate\\Routing\\Router.php(688): Illuminate\\Routing\\Router->gatherRouteMiddleware(Object(Illuminate\\Routing\\Route))
#13 C:\\xampp7.4.3\\htdocs\\ODBUS\\odbusproviderbe\\vendor\\laravel\\framework\\src\\Illuminate\\Routing\\Router.php(672): Illuminate\\Routing\\Router->runRouteWithinStack(Object(Illuminate\\Routing\\Route), Object(Illuminate\\Http\\Request))
#14 C:\\xampp7.4.3\\htdocs\\ODBUS\\odbusproviderbe\\vendor\\laravel\\framework\\src\\Illuminate\\Routing\\Router.php(636): Illuminate\\Routing\\Router->runRoute(Object(Illuminate\\Http\\Request), Object(Illuminate\\Routing\\Route))
#15 C:\\xampp7.4.3\\htdocs\\ODBUS\\odbusproviderbe\\vendor\\laravel\\framework\\src\\Illuminate\\Routing\\Router.php(625): Illuminate\\Routing\\Router->dispatchToRoute(Object(Illuminate\\Http\\Request))
#16 C:\\xampp7.4.3\\htdocs\\ODBUS\\odbusproviderbe\\vendor\\laravel\\framework\\src\\Illuminate\\Foundation\\Http\\Kernel.php(167): Illuminate\\Routing\\Router->dispatch(Object(Illuminate\\Http\\Request))
#17 C:\\xampp7.4.3\\htdocs\\ODBUS\\odbusproviderbe\\vendor\\laravel\\framework\\src\\Illuminate\\Pipeline\\Pipeline.php(128): Illuminate\\Foundation\\Http\\Kernel->Illuminate\\Foundation\\Http\\{closure}(Object(Illuminate\\Http\\Request))
#18 C:\\xampp7.4.3\\htdocs\\ODBUS\\odbusproviderbe\\app\\Http\\Middleware\\Cors.php(22): Illuminate\\Pipeline\\Pipeline->Illuminate\\Pipeline\\{closure}(Object(Illuminate\\Http\\Request))
#19 C:\\xampp7.4.3\\htdocs\\ODBUS\\odbusproviderbe\\vendor\\laravel\\framework\\src\\Illuminate\\Pipeline\\Pipeline.php(167): App\\Http\\Middleware\\Cors->handle(Object(Illuminate\\Http\\Request), Object(Closure))
#20 C:\\xampp7.4.3\\htdocs\\ODBUS\\odbusproviderbe\\vendor\\laravel\\framework\\src\\Illuminate\\Foundation\\Http\\Middleware\\TransformsRequest.php(21): Illuminate\\Pipeline\\Pipeline->Illuminate\\Pipeline\\{closure}(Object(Illuminate\\Http\\Request))
#21 C:\\xampp7.4.3\\htdocs\\ODBUS\\odbusproviderbe\\vendor\\laravel\\framework\\src\\Illuminate\\Foundation\\Http\\Middleware\\ConvertEmptyStringsToNull.php(31): Illuminate\\Foundation\\Http\\Middleware\\TransformsRequest->handle(Object(Illuminate\\Http\\Request), Object(Closure))
#22 C:\\xampp7.4.3\\htdocs\\ODBUS\\odbusproviderbe\\vendor\\laravel\\framework\\src\\Illuminate\\Pipeline\\Pipeline.php(167): Illuminate\\Foundation\\Http\\Middleware\\ConvertEmptyStringsToNull->handle(Object(Illuminate\\Http\\Request), Object(Closure))
#23 C:\\xampp7.4.3\\htdocs\\ODBUS\\odbusproviderbe\\vendor\\laravel\\framework\\src\\Illuminate\\Foundation\\Http\\Middleware\\TransformsRequest.php(21): Illuminate\\Pipeline\\Pipeline->Illuminate\\Pipeline\\{closure}(Object(Illuminate\\Http\\Request))
#24 C:\\xampp7.4.3\\htdocs\\ODBUS\\odbusproviderbe\\vendor\\laravel\\framework\\src\\Illuminate\\Foundation\\Http\\Middleware\\TrimStrings.php(40): Illuminate\\Foundation\\Http\\Middleware\\TransformsRequest->handle(Object(Illuminate\\Http\\Request), Object(Closure))
#25 C:\\xampp7.4.3\\htdocs\\ODBUS\\odbusproviderbe\\vendor\\laravel\\framework\\src\\Illuminate\\Pipeline\\Pipeline.php(167): Illuminate\\Foundation\\Http\\Middleware\\TrimStrings->handle(Object(Illuminate\\Http\\Request), Object(Closure))
#26 C:\\xampp7.4.3\\htdocs\\ODBUS\\odbusproviderbe\\vendor\\laravel\\framework\\src\\Illuminate\\Foundation\\Http\\Middleware\\ValidatePostSize.php(27): Illuminate\\Pipeline\\Pipeline->Illuminate\\Pipeline\\{closure}(Object(Illuminate\\Http\\Request))
#27 C:\\xampp7.4.3\\htdocs\\ODBUS\\odbusproviderbe\\vendor\\laravel\\framework\\src\\Illuminate\\Pipeline\\Pipeline.php(167): Illuminate\\Foundation\\Http\\Middleware\\ValidatePostSize->handle(Object(Illuminate\\Http\\Request), Object(Closure))
#28 C:\\xampp7.4.3\\htdocs\\ODBUS\\odbusproviderbe\\vendor\\laravel\\framework\\src\\Illuminate\\Foundation\\Http\\Middleware\\PreventRequestsDuringMaintenance.php(86): Illuminate\\Pipeline\\Pipeline->Illuminate\\Pipeline\\{closure}(Object(Illuminate\\Http\\Request))
#29 C:\\xampp7.4.3\\htdocs\\ODBUS\\odbusproviderbe\\vendor\\laravel\\framework\\src\\Illuminate\\Pipeline\\Pipeline.php(167): Illuminate\\Foundation\\Http\\Middleware\\PreventRequestsDuringMaintenance->handle(Object(Illuminate\\Http\\Request), Object(Closure))
#30 C:\\xampp7.4.3\\htdocs\\ODBUS\\odbusproviderbe\\vendor\\fideloper\\proxy\\src\\TrustProxies.php(57): Illuminate\\Pipeline\\Pipeline->Illuminate\\Pipeline\\{closure}(Object(Illuminate\\Http\\Request))
#31 C:\\xampp7.4.3\\htdocs\\ODBUS\\odbusproviderbe\\vendor\\laravel\\framework\\src\\Illuminate\\Pipeline\\Pipeline.php(167): Fideloper\\Proxy\\TrustProxies->handle(Object(Illuminate\\Http\\Request), Object(Closure))
#32 C:\\xampp7.4.3\\htdocs\\ODBUS\\odbusproviderbe\\vendor\\laravel\\framework\\src\\Illuminate\\Pipeline\\Pipeline.php(103): Illuminate\\Pipeline\\Pipeline->Illuminate\\Pipeline\\{closure}(Object(Illuminate\\Http\\Request))
#33 C:\\xampp7.4.3\\htdocs\\ODBUS\\odbusproviderbe\\vendor\\laravel\\framework\\src\\Illuminate\\Foundation\\Http\\Kernel.php(142): Illuminate\\Pipeline\\Pipeline->then(Object(Closure))
#34 C:\\xampp7.4.3\\htdocs\\ODBUS\\odbusproviderbe\\vendor\\laravel\\framework\\src\\Illuminate\\Foundation\\Http\\Kernel.php(111): Illuminate\\Foundation\\Http\\Kernel->sendRequestThroughRouter(Object(Illuminate\\Http\\Request))
#35 C:\\xampp7.4.3\\htdocs\\ODBUS\\odbusproviderbe\\index.php(52): Illuminate\\Foundation\\Http\\Kernel->handle(Object(Illuminate\\Http\\Request))
#36 {main}
"} 
[2025-11-13 16:06:40] local.ERROR: syntax error, unexpected '<<' (T_SL), expecting function (T_FUNCTION) or const (T_CONST) {"exception":"[object] (ParseError(code: 0): syntax error, unexpected '<<' (T_SL), expecting function (T_FUNCTION) or const (T_CONST) at C:\\xampp7.4.3\\htdocs\\ODBUS\\odbusproviderbe\\app\\Services\\AgentWalletService.php:24)
[stacktrace]
#0 C:\\xampp7.4.3\\htdocs\\ODBUS\\odbusproviderbe\\vendor\\composer\\ClassLoader.php(427): Composer\\Autoload\\{closure}('C:\\\\xampp7.4.3\\\\h...')
#1 [internal function]: Composer\\Autoload\\ClassLoader->loadClass('App\\\\Services\\\\Ag...')
#2 [internal function]: spl_autoload_call('App\\\\Services\\\\Ag...')
#3 C:\\xampp7.4.3\\htdocs\\ODBUS\\odbusproviderbe\\vendor\\laravel\\framework\\src\\Illuminate\\Container\\Container.php(877): ReflectionClass->__construct('App\\\\Services\\\\Ag...')
#4 C:\\xampp7.4.3\\htdocs\\ODBUS\\odbusproviderbe\\vendor\\laravel\\framework\\src\\Illuminate\\Container\\Container.php(758): Illuminate\\Container\\Container->build('App\\\\Services\\\\Ag...')
#5 C:\\xampp7.4.3\\htdocs\\ODBUS\\odbusproviderbe\\vendor\\laravel\\framework\\src\\Illuminate\\Foundation\\Application.php(851): Illuminate\\Container\\Container->resolve('App\\\\Services\\\\Ag...', Array, true)
#6 C:\\xampp7.4.3\\htdocs\\ODBUS\\odbusproviderbe\\vendor\\laravel\\framework\\src\\Illuminate\\Container\\Container.php(694): Illuminate\\Foundation\\Application->resolve('App\\\\Services\\\\Ag...', Array)
#7 C:\\xampp7.4.3\\htdocs\\ODBUS\\odbusproviderbe\\vendor\\laravel\\framework\\src\\Illuminate\\Foundation\\Application.php(836): Illuminate\\Container\\Container->make('App\\\\Services\\\\Ag...', Array)
#8 C:\\xampp7.4.3\\htdocs\\ODBUS\\odbusproviderbe\\vendor\\laravel\\framework\\src\\Illuminate\\Container\\Container.php(1031): Illuminate\\Foundation\\Application->make('App\\\\Services\\\\Ag...')
#9 C:\\xampp7.4.3\\htdocs\\ODBUS\\odbusproviderbe\\vendor\\laravel\\framework\\src\\Illuminate\\Container\\Container.php(951): Illuminate\\Container\\Container->resolveClass(Object(ReflectionParameter))
#10 C:\\xampp7.4.3\\htdocs\\ODBUS\\odbusproviderbe\\vendor\\laravel\\framework\\src\\Illuminate\\Container\\Container.php(912): Illuminate\\Container\\Container->resolveDependencies(Array)
#11 C:\\xampp7.4.3\\htdocs\\ODBUS\\odbusproviderbe\\vendor\\laravel\\framework\\src\\Illuminate\\Container\\Container.php(758): Illuminate\\Container\\Container->build('App\\\\Http\\\\Contro...')
#12 C:\\xampp7.4.3\\htdocs\\ODBUS\\odbusproviderbe\\vendor\\laravel\\framework\\src\\Illuminate\\Foundation\\Application.php(851): Illuminate\\Container\\Container->resolve('App\\\\Http\\\\Contro...', Array, true)
#13 C:\\xampp7.4.3\\htdocs\\ODBUS\\odbusproviderbe\\vendor\\laravel\\framework\\src\\Illuminate\\Container\\Container.php(694): Illuminate\\Foundation\\Application->resolve('App\\\\Http\\\\Contro...', Array)
#14 C:\\xampp7.4.3\\htdocs\\ODBUS\\odbusproviderbe\\vendor\\laravel\\framework\\src\\Illuminate\\Foundation\\Application.php(836): Illuminate\\Container\\Container->make('App\\\\Http\\\\Contro...', Array)
#15 C:\\xampp7.4.3\\htdocs\\ODBUS\\odbusproviderbe\\vendor\\laravel\\framework\\src\\Illuminate\\Routing\\Route.php(276): Illuminate\\Foundation\\Application->make('App\\\\Http\\\\Contro...')
#16 C:\\xampp7.4.3\\htdocs\\ODBUS\\odbusproviderbe\\vendor\\laravel\\framework\\src\\Illuminate\\Routing\\Route.php(1069): Illuminate\\Routing\\Route->getController()
#17 C:\\xampp7.4.3\\htdocs\\ODBUS\\odbusproviderbe\\vendor\\laravel\\framework\\src\\Illuminate\\Routing\\Route.php(1012): Illuminate\\Routing\\Route->controllerMiddleware()
#18 C:\\xampp7.4.3\\htdocs\\ODBUS\\odbusproviderbe\\vendor\\laravel\\framework\\src\\Illuminate\\Routing\\Router.php(708): Illuminate\\Routing\\Route->gatherMiddleware()
#19 C:\\xampp7.4.3\\htdocs\\ODBUS\\odbusproviderbe\\vendor\\laravel\\framework\\src\\Illuminate\\Routing\\Router.php(688): Illuminate\\Routing\\Router->gatherRouteMiddleware(Object(Illuminate\\Routing\\Route))
#20 C:\\xampp7.4.3\\htdocs\\ODBUS\\odbusproviderbe\\vendor\\laravel\\framework\\src\\Illuminate\\Routing\\Router.php(672): Illuminate\\Routing\\Router->runRouteWithinStack(Object(Illuminate\\Routing\\Route), Object(Illuminate\\Http\\Request))
#21 C:\\xampp7.4.3\\htdocs\\ODBUS\\odbusproviderbe\\vendor\\laravel\\framework\\src\\Illuminate\\Routing\\Router.php(636): Illuminate\\Routing\\Router->runRoute(Object(Illuminate\\Http\\Request), Object(Illuminate\\Routing\\Route))
#22 C:\\xampp7.4.3\\htdocs\\ODBUS\\odbusproviderbe\\vendor\\laravel\\framework\\src\\Illuminate\\Routing\\Router.php(625): Illuminate\\Routing\\Router->dispatchToRoute(Object(Illuminate\\Http\\Request))
#23 C:\\xampp7.4.3\\htdocs\\ODBUS\\odbusproviderbe\\vendor\\laravel\\framework\\src\\Illuminate\\Foundation\\Http\\Kernel.php(167): Illuminate\\Routing\\Router->dispatch(Object(Illuminate\\Http\\Request))
#24 C:\\xampp7.4.3\\htdocs\\ODBUS\\odbusproviderbe\\vendor\\laravel\\framework\\src\\Illuminate\\Pipeline\\Pipeline.php(128): Illuminate\\Foundation\\Http\\Kernel->Illuminate\\Foundation\\Http\\{closure}(Object(Illuminate\\Http\\Request))
#25 C:\\xampp7.4.3\\htdocs\\ODBUS\\odbusproviderbe\\app\\Http\\Middleware\\Cors.php(22): Illuminate\\Pipeline\\Pipeline->Illuminate\\Pipeline\\{closure}(Object(Illuminate\\Http\\Request))
#26 C:\\xampp7.4.3\\htdocs\\ODBUS\\odbusproviderbe\\vendor\\laravel\\framework\\src\\Illuminate\\Pipeline\\Pipeline.php(167): App\\Http\\Middleware\\Cors->handle(Object(Illuminate\\Http\\Request), Object(Closure))
#27 C:\\xampp7.4.3\\htdocs\\ODBUS\\odbusproviderbe\\vendor\\laravel\\framework\\src\\Illuminate\\Foundation\\Http\\Middleware\\TransformsRequest.php(21): Illuminate\\Pipeline\\Pipeline->Illuminate\\Pipeline\\{closure}(Object(Illuminate\\Http\\Request))
#28 C:\\xampp7.4.3\\htdocs\\ODBUS\\odbusproviderbe\\vendor\\laravel\\framework\\src\\Illuminate\\Foundation\\Http\\Middleware\\ConvertEmptyStringsToNull.php(31): Illuminate\\Foundation\\Http\\Middleware\\TransformsRequest->handle(Object(Illuminate\\Http\\Request), Object(Closure))
#29 C:\\xampp7.4.3\\htdocs\\ODBUS\\odbusproviderbe\\vendor\\laravel\\framework\\src\\Illuminate\\Pipeline\\Pipeline.php(167): Illuminate\\Foundation\\Http\\Middleware\\ConvertEmptyStringsToNull->handle(Object(Illuminate\\Http\\Request), Object(Closure))
#30 C:\\xampp7.4.3\\htdocs\\ODBUS\\odbusproviderbe\\vendor\\laravel\\framework\\src\\Illuminate\\Foundation\\Http\\Middleware\\TransformsRequest.php(21): Illuminate\\Pipeline\\Pipeline->Illuminate\\Pipeline\\{closure}(Object(Illuminate\\Http\\Request))
#31 C:\\xampp7.4.3\\htdocs\\ODBUS\\odbusproviderbe\\vendor\\laravel\\framework\\src\\Illuminate\\Foundation\\Http\\Middleware\\TrimStrings.php(40): Illuminate\\Foundation\\Http\\Middleware\\TransformsRequest->handle(Object(Illuminate\\Http\\Request), Object(Closure))
#32 C:\\xampp7.4.3\\htdocs\\ODBUS\\odbusproviderbe\\vendor\\laravel\\framework\\src\\Illuminate\\Pipeline\\Pipeline.php(167): Illuminate\\Foundation\\Http\\Middleware\\TrimStrings->handle(Object(Illuminate\\Http\\Request), Object(Closure))
#33 C:\\xampp7.4.3\\htdocs\\ODBUS\\odbusproviderbe\\vendor\\laravel\\framework\\src\\Illuminate\\Foundation\\Http\\Middleware\\ValidatePostSize.php(27): Illuminate\\Pipeline\\Pipeline->Illuminate\\Pipeline\\{closure}(Object(Illuminate\\Http\\Request))
#34 C:\\xampp7.4.3\\htdocs\\ODBUS\\odbusproviderbe\\vendor\\laravel\\framework\\src\\Illuminate\\Pipeline\\Pipeline.php(167): Illuminate\\Foundation\\Http\\Middleware\\ValidatePostSize->handle(Object(Illuminate\\Http\\Request), Object(Closure))
#35 C:\\xampp7.4.3\\htdocs\\ODBUS\\odbusproviderbe\\vendor\\laravel\\framework\\src\\Illuminate\\Foundation\\Http\\Middleware\\PreventRequestsDuringMaintenance.php(86): Illuminate\\Pipeline\\Pipeline->Illuminate\\Pipeline\\{closure}(Object(Illuminate\\Http\\Request))
#36 C:\\xampp7.4.3\\htdocs\\ODBUS\\odbusproviderbe\\vendor\\laravel\\framework\\src\\Illuminate\\Pipeline\\Pipeline.php(167): Illuminate\\Foundation\\Http\\Middleware\\PreventRequestsDuringMaintenance->handle(Object(Illuminate\\Http\\Request), Object(Closure))
#37 C:\\xampp7.4.3\\htdocs\\ODBUS\\odbusproviderbe\\vendor\\fideloper\\proxy\\src\\TrustProxies.php(57): Illuminate\\Pipeline\\Pipeline->Illuminate\\Pipeline\\{closure}(Object(Illuminate\\Http\\Request))
#38 C:\\xampp7.4.3\\htdocs\\ODBUS\\odbusproviderbe\\vendor\\laravel\\framework\\src\\Illuminate\\Pipeline\\Pipeline.php(167): Fideloper\\Proxy\\TrustProxies->handle(Object(Illuminate\\Http\\Request), Object(Closure))
#39 C:\\xampp7.4.3\\htdocs\\ODBUS\\odbusproviderbe\\vendor\\laravel\\framework\\src\\Illuminate\\Pipeline\\Pipeline.php(103): Illuminate\\Pipeline\\Pipeline->Illuminate\\Pipeline\\{closure}(Object(Illuminate\\Http\\Request))
#40 C:\\xampp7.4.3\\htdocs\\ODBUS\\odbusproviderbe\\vendor\\laravel\\framework\\src\\Illuminate\\Foundation\\Http\\Kernel.php(142): Illuminate\\Pipeline\\Pipeline->then(Object(Closure))
#41 C:\\xampp7.4.3\\htdocs\\ODBUS\\odbusproviderbe\\vendor\\laravel\\framework\\src\\Illuminate\\Foundation\\Http\\Kernel.php(111): Illuminate\\Foundation\\Http\\Kernel->sendRequestThroughRouter(Object(Illuminate\\Http\\Request))
#42 C:\\xampp7.4.3\\htdocs\\ODBUS\\odbusproviderbe\\index.php(52): Illuminate\\Foundation\\Http\\Kernel->handle(Object(Illuminate\\Http\\Request))
#43 {main}
"} 
[2025-11-13 16:10:11] local.ERROR: syntax error, unexpected '<<' (T_SL), expecting function (T_FUNCTION) or const (T_CONST) {"exception":"[object] (ParseError(code: 0): syntax error, unexpected '<<' (T_SL), expecting function (T_FUNCTION) or const (T_CONST) at C:\\xampp7.4.3\\htdocs\\ODBUS\\odbusproviderbe\\app\\Services\\AgentWalletService.php:24)
[stacktrace]
#0 C:\\xampp7.4.3\\htdocs\\ODBUS\\odbusproviderbe\\vendor\\composer\\ClassLoader.php(427): Composer\\Autoload\\{closure}('C:\\\\xampp7.4.3\\\\h...')
#1 [internal function]: Composer\\Autoload\\ClassLoader->loadClass('App\\\\Services\\\\Ag...')
#2 [internal function]: spl_autoload_call('App\\\\Services\\\\Ag...')
#3 C:\\xampp7.4.3\\htdocs\\ODBUS\\odbusproviderbe\\vendor\\laravel\\framework\\src\\Illuminate\\Container\\Container.php(877): ReflectionClass->__construct('App\\\\Services\\\\Ag...')
#4 C:\\xampp7.4.3\\htdocs\\ODBUS\\odbusproviderbe\\vendor\\laravel\\framework\\src\\Illuminate\\Container\\Container.php(758): Illuminate\\Container\\Container->build('App\\\\Services\\\\Ag...')
#5 C:\\xampp7.4.3\\htdocs\\ODBUS\\odbusproviderbe\\vendor\\laravel\\framework\\src\\Illuminate\\Foundation\\Application.php(851): Illuminate\\Container\\Container->resolve('App\\\\Services\\\\Ag...', Array, true)
#6 C:\\xampp7.4.3\\htdocs\\ODBUS\\odbusproviderbe\\vendor\\laravel\\framework\\src\\Illuminate\\Container\\Container.php(694): Illuminate\\Foundation\\Application->resolve('App\\\\Services\\\\Ag...', Array)
#7 C:\\xampp7.4.3\\htdocs\\ODBUS\\odbusproviderbe\\vendor\\laravel\\framework\\src\\Illuminate\\Foundation\\Application.php(836): Illuminate\\Container\\Container->make('App\\\\Services\\\\Ag...', Array)
#8 C:\\xampp7.4.3\\htdocs\\ODBUS\\odbusproviderbe\\vendor\\laravel\\framework\\src\\Illuminate\\Container\\Container.php(1031): Illuminate\\Foundation\\Application->make('App\\\\Services\\\\Ag...')
#9 C:\\xampp7.4.3\\htdocs\\ODBUS\\odbusproviderbe\\vendor\\laravel\\framework\\src\\Illuminate\\Container\\Container.php(951): Illuminate\\Container\\Container->resolveClass(Object(ReflectionParameter))
#10 C:\\xampp7.4.3\\htdocs\\ODBUS\\odbusproviderbe\\vendor\\laravel\\framework\\src\\Illuminate\\Container\\Container.php(912): Illuminate\\Container\\Container->resolveDependencies(Array)
#11 C:\\xampp7.4.3\\htdocs\\ODBUS\\odbusproviderbe\\vendor\\laravel\\framework\\src\\Illuminate\\Container\\Container.php(758): Illuminate\\Container\\Container->build('App\\\\Http\\\\Contro...')
#12 C:\\xampp7.4.3\\htdocs\\ODBUS\\odbusproviderbe\\vendor\\laravel\\framework\\src\\Illuminate\\Foundation\\Application.php(851): Illuminate\\Container\\Container->resolve('App\\\\Http\\\\Contro...', Array, true)
#13 C:\\xampp7.4.3\\htdocs\\ODBUS\\odbusproviderbe\\vendor\\laravel\\framework\\src\\Illuminate\\Container\\Container.php(694): Illuminate\\Foundation\\Application->resolve('App\\\\Http\\\\Contro...', Array)
#14 C:\\xampp7.4.3\\htdocs\\ODBUS\\odbusproviderbe\\vendor\\laravel\\framework\\src\\Illuminate\\Foundation\\Application.php(836): Illuminate\\Container\\Container->make('App\\\\Http\\\\Contro...', Array)
#15 C:\\xampp7.4.3\\htdocs\\ODBUS\\odbusproviderbe\\vendor\\laravel\\framework\\src\\Illuminate\\Routing\\Route.php(276): Illuminate\\Foundation\\Application->make('App\\\\Http\\\\Contro...')
#16 C:\\xampp7.4.3\\htdocs\\ODBUS\\odbusproviderbe\\vendor\\laravel\\framework\\src\\Illuminate\\Routing\\Route.php(1069): Illuminate\\Routing\\Route->getController()
#17 C:\\xampp7.4.3\\htdocs\\ODBUS\\odbusproviderbe\\vendor\\laravel\\framework\\src\\Illuminate\\Routing\\Route.php(1012): Illuminate\\Routing\\Route->controllerMiddleware()
#18 C:\\xampp7.4.3\\htdocs\\ODBUS\\odbusproviderbe\\vendor\\laravel\\framework\\src\\Illuminate\\Routing\\Router.php(708): Illuminate\\Routing\\Route->gatherMiddleware()
#19 C:\\xampp7.4.3\\htdocs\\ODBUS\\odbusproviderbe\\vendor\\laravel\\framework\\src\\Illuminate\\Routing\\Router.php(688): Illuminate\\Routing\\Router->gatherRouteMiddleware(Object(Illuminate\\Routing\\Route))
#20 C:\\xampp7.4.3\\htdocs\\ODBUS\\odbusproviderbe\\vendor\\laravel\\framework\\src\\Illuminate\\Routing\\Router.php(672): Illuminate\\Routing\\Router->runRouteWithinStack(Object(Illuminate\\Routing\\Route), Object(Illuminate\\Http\\Request))
#21 C:\\xampp7.4.3\\htdocs\\ODBUS\\odbusproviderbe\\vendor\\laravel\\framework\\src\\Illuminate\\Routing\\Router.php(636): Illuminate\\Routing\\Router->runRoute(Object(Illuminate\\Http\\Request), Object(Illuminate\\Routing\\Route))
#22 C:\\xampp7.4.3\\htdocs\\ODBUS\\odbusproviderbe\\vendor\\laravel\\framework\\src\\Illuminate\\Routing\\Router.php(625): Illuminate\\Routing\\Router->dispatchToRoute(Object(Illuminate\\Http\\Request))
#23 C:\\xampp7.4.3\\htdocs\\ODBUS\\odbusproviderbe\\vendor\\laravel\\framework\\src\\Illuminate\\Foundation\\Http\\Kernel.php(167): Illuminate\\Routing\\Router->dispatch(Object(Illuminate\\Http\\Request))
#24 C:\\xampp7.4.3\\htdocs\\ODBUS\\odbusproviderbe\\vendor\\laravel\\framework\\src\\Illuminate\\Pipeline\\Pipeline.php(128): Illuminate\\Foundation\\Http\\Kernel->Illuminate\\Foundation\\Http\\{closure}(Object(Illuminate\\Http\\Request))
#25 C:\\xampp7.4.3\\htdocs\\ODBUS\\odbusproviderbe\\app\\Http\\Middleware\\Cors.php(22): Illuminate\\Pipeline\\Pipeline->Illuminate\\Pipeline\\{closure}(Object(Illuminate\\Http\\Request))
#26 C:\\xampp7.4.3\\htdocs\\ODBUS\\odbusproviderbe\\vendor\\laravel\\framework\\src\\Illuminate\\Pipeline\\Pipeline.php(167): App\\Http\\Middleware\\Cors->handle(Object(Illuminate\\Http\\Request), Object(Closure))
#27 C:\\xampp7.4.3\\htdocs\\ODBUS\\odbusproviderbe\\vendor\\laravel\\framework\\src\\Illuminate\\Foundation\\Http\\Middleware\\TransformsRequest.php(21): Illuminate\\Pipeline\\Pipeline->Illuminate\\Pipeline\\{closure}(Object(Illuminate\\Http\\Request))
#28 C:\\xampp7.4.3\\htdocs\\ODBUS\\odbusproviderbe\\vendor\\laravel\\framework\\src\\Illuminate\\Foundation\\Http\\Middleware\\ConvertEmptyStringsToNull.php(31): Illuminate\\Foundation\\Http\\Middleware\\TransformsRequest->handle(Object(Illuminate\\Http\\Request), Object(Closure))
#29 C:\\xampp7.4.3\\htdocs\\ODBUS\\odbusproviderbe\\vendor\\laravel\\framework\\src\\Illuminate\\Pipeline\\Pipeline.php(167): Illuminate\\Foundation\\Http\\Middleware\\ConvertEmptyStringsToNull->handle(Object(Illuminate\\Http\\Request), Object(Closure))
#30 C:\\xampp7.4.3\\htdocs\\ODBUS\\odbusproviderbe\\vendor\\laravel\\framework\\src\\Illuminate\\Foundation\\Http\\Middleware\\TransformsRequest.php(21): Illuminate\\Pipeline\\Pipeline->Illuminate\\Pipeline\\{closure}(Object(Illuminate\\Http\\Request))
#31 C:\\xampp7.4.3\\htdocs\\ODBUS\\odbusproviderbe\\vendor\\laravel\\framework\\src\\Illuminate\\Foundation\\Http\\Middleware\\TrimStrings.php(40): Illuminate\\Foundation\\Http\\Middleware\\TransformsRequest->handle(Object(Illuminate\\Http\\Request), Object(Closure))
#32 C:\\xampp7.4.3\\htdocs\\ODBUS\\odbusproviderbe\\vendor\\laravel\\framework\\src\\Illuminate\\Pipeline\\Pipeline.php(167): Illuminate\\Foundation\\Http\\Middleware\\TrimStrings->handle(Object(Illuminate\\Http\\Request), Object(Closure))
#33 C:\\xampp7.4.3\\htdocs\\ODBUS\\odbusproviderbe\\vendor\\laravel\\framework\\src\\Illuminate\\Foundation\\Http\\Middleware\\ValidatePostSize.php(27): Illuminate\\Pipeline\\Pipeline->Illuminate\\Pipeline\\{closure}(Object(Illuminate\\Http\\Request))
#34 C:\\xampp7.4.3\\htdocs\\ODBUS\\odbusproviderbe\\vendor\\laravel\\framework\\src\\Illuminate\\Pipeline\\Pipeline.php(167): Illuminate\\Foundation\\Http\\Middleware\\ValidatePostSize->handle(Object(Illuminate\\Http\\Request), Object(Closure))
#35 C:\\xampp7.4.3\\htdocs\\ODBUS\\odbusproviderbe\\vendor\\laravel\\framework\\src\\Illuminate\\Foundation\\Http\\Middleware\\PreventRequestsDuringMaintenance.php(86): Illuminate\\Pipeline\\Pipeline->Illuminate\\Pipeline\\{closure}(Object(Illuminate\\Http\\Request))
#36 C:\\xampp7.4.3\\htdocs\\ODBUS\\odbusproviderbe\\vendor\\laravel\\framework\\src\\Illuminate\\Pipeline\\Pipeline.php(167): Illuminate\\Foundation\\Http\\Middleware\\PreventRequestsDuringMaintenance->handle(Object(Illuminate\\Http\\Request), Object(Closure))
#37 C:\\xampp7.4.3\\htdocs\\ODBUS\\odbusproviderbe\\vendor\\fideloper\\proxy\\src\\TrustProxies.php(57): Illuminate\\Pipeline\\Pipeline->Illuminate\\Pipeline\\{closure}(Object(Illuminate\\Http\\Request))
#38 C:\\xampp7.4.3\\htdocs\\ODBUS\\odbusproviderbe\\vendor\\laravel\\framework\\src\\Illuminate\\Pipeline\\Pipeline.php(167): Fideloper\\Proxy\\TrustProxies->handle(Object(Illuminate\\Http\\Request), Object(Closure))
#39 C:\\xampp7.4.3\\htdocs\\ODBUS\\odbusproviderbe\\vendor\\laravel\\framework\\src\\Illuminate\\Pipeline\\Pipeline.php(103): Illuminate\\Pipeline\\Pipeline->Illuminate\\Pipeline\\{closure}(Object(Illuminate\\Http\\Request))
#40 C:\\xampp7.4.3\\htdocs\\ODBUS\\odbusproviderbe\\vendor\\laravel\\framework\\src\\Illuminate\\Foundation\\Http\\Kernel.php(142): Illuminate\\Pipeline\\Pipeline->then(Object(Closure))
#41 C:\\xampp7.4.3\\htdocs\\ODBUS\\odbusproviderbe\\vendor\\laravel\\framework\\src\\Illuminate\\Foundation\\Http\\Kernel.php(111): Illuminate\\Foundation\\Http\\Kernel->sendRequestThroughRouter(Object(Illuminate\\Http\\Request))
#42 C:\\xampp7.4.3\\htdocs\\ODBUS\\odbusproviderbe\\index.php(52): Illuminate\\Foundation\\Http\\Kernel->handle(Object(Illuminate\\Http\\Request))
#43 {main}
"} 
[2025-11-13 16:14:36] local.ERROR: Cannot redeclare App\Repositories\AgentWalletRepository::FilterDate() {"exception":"[object] (Symfony\\Component\\ErrorHandler\\Error\\FatalError(code: 0): Cannot redeclare App\\Repositories\\AgentWalletRepository::FilterDate() at C:\\xampp7.4.3\\htdocs\\ODBUS\\odbusproviderbe\\app\\Repositories\\AgentWalletRepository.php:364)
[stacktrace]
#0 {main}
"} 
[2025-11-13 17:03:33] local.ERROR: Call to undefined method App\Services\BusOperatorService::getAll() {"exception":"[object] (Error(code: 0): Call to undefined method App\\Services\\BusOperatorService::getAll() at C:\\xampp7.4.3\\htdocs\\ODBUS\\odbusproviderbe\\app\\Http\\Controllers\\BusOperatorController.php:56)
[stacktrace]
#0 C:\\xampp7.4.3\\htdocs\\ODBUS\\odbusproviderbe\\vendor\\laravel\\framework\\src\\Illuminate\\Routing\\Controller.php(54): App\\Http\\Controllers\\BusOperatorController->getAllBusOperators()
#1 C:\\xampp7.4.3\\htdocs\\ODBUS\\odbusproviderbe\\vendor\\laravel\\framework\\src\\Illuminate\\Routing\\ControllerDispatcher.php(45): Illuminate\\Routing\\Controller->callAction('getAllBusOperat...', Array)
#2 C:\\xampp7.4.3\\htdocs\\ODBUS\\odbusproviderbe\\vendor\\laravel\\framework\\src\\Illuminate\\Routing\\Route.php(262): Illuminate\\Routing\\ControllerDispatcher->dispatch(Object(Illuminate\\Routing\\Route), Object(App\\Http\\Controllers\\BusOperatorController), 'getAllBusOperat...')
#3 C:\\xampp7.4.3\\htdocs\\ODBUS\\odbusproviderbe\\vendor\\laravel\\framework\\src\\Illuminate\\Routing\\Route.php(205): Illuminate\\Routing\\Route->runController()
#4 C:\\xampp7.4.3\\htdocs\\ODBUS\\odbusproviderbe\\vendor\\laravel\\framework\\src\\Illuminate\\Routing\\Router.php(695): Illuminate\\Routing\\Route->run()
#5 C:\\xampp7.4.3\\htdocs\\ODBUS\\odbusproviderbe\\vendor\\laravel\\framework\\src\\Illuminate\\Pipeline\\Pipeline.php(128): Illuminate\\Routing\\Router->Illuminate\\Routing\\{closure}(Object(Illuminate\\Http\\Request))
#6 C:\\xampp7.4.3\\htdocs\\ODBUS\\odbusproviderbe\\vendor\\laravel\\framework\\src\\Illuminate\\Routing\\Middleware\\SubstituteBindings.php(50): Illuminate\\Pipeline\\Pipeline->Illuminate\\Pipeline\\{closure}(Object(Illuminate\\Http\\Request))
#7 C:\\xampp7.4.3\\htdocs\\ODBUS\\odbusproviderbe\\vendor\\laravel\\framework\\src\\Illuminate\\Pipeline\\Pipeline.php(167): Illuminate\\Routing\\Middleware\\SubstituteBindings->handle(Object(Illuminate\\Http\\Request), Object(Closure))
#8 C:\\xampp7.4.3\\htdocs\\ODBUS\\odbusproviderbe\\vendor\\laravel\\framework\\src\\Illuminate\\Routing\\Middleware\\ThrottleRequests.php(127): Illuminate\\Pipeline\\Pipeline->Illuminate\\Pipeline\\{closure}(Object(Illuminate\\Http\\Request))
#9 C:\\xampp7.4.3\\htdocs\\ODBUS\\odbusproviderbe\\vendor\\laravel\\framework\\src\\Illuminate\\Routing\\Middleware\\ThrottleRequests.php(103): Illuminate\\Routing\\Middleware\\ThrottleRequests->handleRequest(Object(Illuminate\\Http\\Request), Object(Closure), Array)
#10 C:\\xampp7.4.3\\htdocs\\ODBUS\\odbusproviderbe\\vendor\\laravel\\framework\\src\\Illuminate\\Routing\\Middleware\\ThrottleRequests.php(55): Illuminate\\Routing\\Middleware\\ThrottleRequests->handleRequestUsingNamedLimiter(Object(Illuminate\\Http\\Request), Object(Closure), 'api', Object(Closure))
#11 C:\\xampp7.4.3\\htdocs\\ODBUS\\odbusproviderbe\\vendor\\laravel\\framework\\src\\Illuminate\\Pipeline\\Pipeline.php(167): Illuminate\\Routing\\Middleware\\ThrottleRequests->handle(Object(Illuminate\\Http\\Request), Object(Closure), 'api')
#12 C:\\xampp7.4.3\\htdocs\\ODBUS\\odbusproviderbe\\vendor\\laravel\\framework\\src\\Illuminate\\Pipeline\\Pipeline.php(103): Illuminate\\Pipeline\\Pipeline->Illuminate\\Pipeline\\{closure}(Object(Illuminate\\Http\\Request))
#13 C:\\xampp7.4.3\\htdocs\\ODBUS\\odbusproviderbe\\vendor\\laravel\\framework\\src\\Illuminate\\Routing\\Router.php(697): Illuminate\\Pipeline\\Pipeline->then(Object(Closure))
#14 C:\\xampp7.4.3\\htdocs\\ODBUS\\odbusproviderbe\\vendor\\laravel\\framework\\src\\Illuminate\\Routing\\Router.php(672): Illuminate\\Routing\\Router->runRouteWithinStack(Object(Illuminate\\Routing\\Route), Object(Illuminate\\Http\\Request))
#15 C:\\xampp7.4.3\\htdocs\\ODBUS\\odbusproviderbe\\vendor\\laravel\\framework\\src\\Illuminate\\Routing\\Router.php(636): Illuminate\\Routing\\Router->runRoute(Object(Illuminate\\Http\\Request), Object(Illuminate\\Routing\\Route))
#16 C:\\xampp7.4.3\\htdocs\\ODBUS\\odbusproviderbe\\vendor\\laravel\\framework\\src\\Illuminate\\Routing\\Router.php(625): Illuminate\\Routing\\Router->dispatchToRoute(Object(Illuminate\\Http\\Request))
#17 C:\\xampp7.4.3\\htdocs\\ODBUS\\odbusproviderbe\\vendor\\laravel\\framework\\src\\Illuminate\\Foundation\\Http\\Kernel.php(167): Illuminate\\Routing\\Router->dispatch(Object(Illuminate\\Http\\Request))
#18 C:\\xampp7.4.3\\htdocs\\ODBUS\\odbusproviderbe\\vendor\\laravel\\framework\\src\\Illuminate\\Pipeline\\Pipeline.php(128): Illuminate\\Foundation\\Http\\Kernel->Illuminate\\Foundation\\Http\\{closure}(Object(Illuminate\\Http\\Request))
#19 C:\\xampp7.4.3\\htdocs\\ODBUS\\odbusproviderbe\\app\\Http\\Middleware\\Cors.php(22): Illuminate\\Pipeline\\Pipeline->Illuminate\\Pipeline\\{closure}(Object(Illuminate\\Http\\Request))
#20 C:\\xampp7.4.3\\htdocs\\ODBUS\\odbusproviderbe\\vendor\\laravel\\framework\\src\\Illuminate\\Pipeline\\Pipeline.php(167): App\\Http\\Middleware\\Cors->handle(Object(Illuminate\\Http\\Request), Object(Closure))
#21 C:\\xampp7.4.3\\htdocs\\ODBUS\\odbusproviderbe\\vendor\\laravel\\framework\\src\\Illuminate\\Foundation\\Http\\Middleware\\TransformsRequest.php(21): Illuminate\\Pipeline\\Pipeline->Illuminate\\Pipeline\\{closure}(Object(Illuminate\\Http\\Request))
#22 C:\\xampp7.4.3\\htdocs\\ODBUS\\odbusproviderbe\\vendor\\laravel\\framework\\src\\Illuminate\\Foundation\\Http\\Middleware\\ConvertEmptyStringsToNull.php(31): Illuminate\\Foundation\\Http\\Middleware\\TransformsRequest->handle(Object(Illuminate\\Http\\Request), Object(Closure))
#23 C:\\xampp7.4.3\\htdocs\\ODBUS\\odbusproviderbe\\vendor\\laravel\\framework\\src\\Illuminate\\Pipeline\\Pipeline.php(167): Illuminate\\Foundation\\Http\\Middleware\\ConvertEmptyStringsToNull->handle(Object(Illuminate\\Http\\Request), Object(Closure))
#24 C:\\xampp7.4.3\\htdocs\\ODBUS\\odbusproviderbe\\vendor\\laravel\\framework\\src\\Illuminate\\Foundation\\Http\\Middleware\\TransformsRequest.php(21): Illuminate\\Pipeline\\Pipeline->Illuminate\\Pipeline\\{closure}(Object(Illuminate\\Http\\Request))
#25 C:\\xampp7.4.3\\htdocs\\ODBUS\\odbusproviderbe\\vendor\\laravel\\framework\\src\\Illuminate\\Foundation\\Http\\Middleware\\TrimStrings.php(40): Illuminate\\Foundation\\Http\\Middleware\\TransformsRequest->handle(Object(Illuminate\\Http\\Request), Object(Closure))
#26 C:\\xampp7.4.3\\htdocs\\ODBUS\\odbusproviderbe\\vendor\\laravel\\framework\\src\\Illuminate\\Pipeline\\Pipeline.php(167): Illuminate\\Foundation\\Http\\Middleware\\TrimStrings->handle(Object(Illuminate\\Http\\Request), Object(Closure))
#27 C:\\xampp7.4.3\\htdocs\\ODBUS\\odbusproviderbe\\vendor\\laravel\\framework\\src\\Illuminate\\Foundation\\Http\\Middleware\\ValidatePostSize.php(27): Illuminate\\Pipeline\\Pipeline->Illuminate\\Pipeline\\{closure}(Object(Illuminate\\Http\\Request))
#28 C:\\xampp7.4.3\\htdocs\\ODBUS\\odbusproviderbe\\vendor\\laravel\\framework\\src\\Illuminate\\Pipeline\\Pipeline.php(167): Illuminate\\Foundation\\Http\\Middleware\\ValidatePostSize->handle(Object(Illuminate\\Http\\Request), Object(Closure))
#29 C:\\xampp7.4.3\\htdocs\\ODBUS\\odbusproviderbe\\vendor\\laravel\\framework\\src\\Illuminate\\Foundation\\Http\\Middleware\\PreventRequestsDuringMaintenance.php(86): Illuminate\\Pipeline\\Pipeline->Illuminate\\Pipeline\\{closure}(Object(Illuminate\\Http\\Request))
#30 C:\\xampp7.4.3\\htdocs\\ODBUS\\odbusproviderbe\\vendor\\laravel\\framework\\src\\Illuminate\\Pipeline\\Pipeline.php(167): Illuminate\\Foundation\\Http\\Middleware\\PreventRequestsDuringMaintenance->handle(Object(Illuminate\\Http\\Request), Object(Closure))
#31 C:\\xampp7.4.3\\htdocs\\ODBUS\\odbusproviderbe\\vendor\\fideloper\\proxy\\src\\TrustProxies.php(57): Illuminate\\Pipeline\\Pipeline->Illuminate\\Pipeline\\{closure}(Object(Illuminate\\Http\\Request))
#32 C:\\xampp7.4.3\\htdocs\\ODBUS\\odbusproviderbe\\vendor\\laravel\\framework\\src\\Illuminate\\Pipeline\\Pipeline.php(167): Fideloper\\Proxy\\TrustProxies->handle(Object(Illuminate\\Http\\Request), Object(Closure))
#33 C:\\xampp7.4.3\\htdocs\\ODBUS\\odbusproviderbe\\vendor\\laravel\\framework\\src\\Illuminate\\Pipeline\\Pipeline.php(103): Illuminate\\Pipeline\\Pipeline->Illuminate\\Pipeline\\{closure}(Object(Illuminate\\Http\\Request))
#34 C:\\xampp7.4.3\\htdocs\\ODBUS\\odbusproviderbe\\vendor\\laravel\\framework\\src\\Illuminate\\Foundation\\Http\\Kernel.php(142): Illuminate\\Pipeline\\Pipeline->then(Object(Closure))
#35 C:\\xampp7.4.3\\htdocs\\ODBUS\\odbusproviderbe\\vendor\\laravel\\framework\\src\\Illuminate\\Foundation\\Http\\Kernel.php(111): Illuminate\\Foundation\\Http\\Kernel->sendRequestThroughRouter(Object(Illuminate\\Http\\Request))
#36 C:\\xampp7.4.3\\htdocs\\ODBUS\\odbusproviderbe\\index.php(52): Illuminate\\Foundation\\Http\\Kernel->handle(Object(Illuminate\\Http\\Request))
#37 {main}
"} 
[2025-11-13 17:34:14] local.ERROR: syntax error, unexpected '<<' (T_SL), expecting function (T_FUNCTION) or const (T_CONST) {"exception":"[object] (ParseError(code: 0): syntax error, unexpected '<<' (T_SL), expecting function (T_FUNCTION) or const (T_CONST) at C:\\xampp7.4.3\\htdocs\\ODBUS\\odbusproviderbe\\app\\Http\\Controllers\\LocationController.php:74)
[stacktrace]
#0 C:\\xampp7.4.3\\htdocs\\ODBUS\\odbusproviderbe\\vendor\\composer\\ClassLoader.php(427): Composer\\Autoload\\{closure}('C:\\\\xampp7.4.3\\\\h...')
#1 [internal function]: Composer\\Autoload\\ClassLoader->loadClass('App\\\\Http\\\\Contro...')
#2 [internal function]: spl_autoload_call('App\\\\Http\\\\Contro...')
#3 C:\\xampp7.4.3\\htdocs\\ODBUS\\odbusproviderbe\\vendor\\laravel\\framework\\src\\Illuminate\\Container\\Container.php(877): ReflectionClass->__construct('App\\\\Http\\\\Contro...')
#4 C:\\xampp7.4.3\\htdocs\\ODBUS\\odbusproviderbe\\vendor\\laravel\\framework\\src\\Illuminate\\Container\\Container.php(758): Illuminate\\Container\\Container->build('App\\\\Http\\\\Contro...')
#5 C:\\xampp7.4.3\\htdocs\\ODBUS\\odbusproviderbe\\vendor\\laravel\\framework\\src\\Illuminate\\Foundation\\Application.php(851): Illuminate\\Container\\Container->resolve('App\\\\Http\\\\Contro...', Array, true)
#6 C:\\xampp7.4.3\\htdocs\\ODBUS\\odbusproviderbe\\vendor\\laravel\\framework\\src\\Illuminate\\Container\\Container.php(694): Illuminate\\Foundation\\Application->resolve('App\\\\Http\\\\Contro...', Array)
#7 C:\\xampp7.4.3\\htdocs\\ODBUS\\odbusproviderbe\\vendor\\laravel\\framework\\src\\Illuminate\\Foundation\\Application.php(836): Illuminate\\Container\\Container->make('App\\\\Http\\\\Contro...', Array)
#8 C:\\xampp7.4.3\\htdocs\\ODBUS\\odbusproviderbe\\vendor\\laravel\\framework\\src\\Illuminate\\Routing\\Route.php(276): Illuminate\\Foundation\\Application->make('App\\\\Http\\\\Contro...')
#9 C:\\xampp7.4.3\\htdocs\\ODBUS\\odbusproviderbe\\vendor\\laravel\\framework\\src\\Illuminate\\Routing\\Route.php(1069): Illuminate\\Routing\\Route->getController()
#10 C:\\xampp7.4.3\\htdocs\\ODBUS\\odbusproviderbe\\vendor\\laravel\\framework\\src\\Illuminate\\Routing\\Route.php(1012): Illuminate\\Routing\\Route->controllerMiddleware()
#11 C:\\xampp7.4.3\\htdocs\\ODBUS\\odbusproviderbe\\vendor\\laravel\\framework\\src\\Illuminate\\Routing\\Router.php(708): Illuminate\\Routing\\Route->gatherMiddleware()
#12 C:\\xampp7.4.3\\htdocs\\ODBUS\\odbusproviderbe\\vendor\\laravel\\framework\\src\\Illuminate\\Routing\\Router.php(688): Illuminate\\Routing\\Router->gatherRouteMiddleware(Object(Illuminate\\Routing\\Route))
#13 C:\\xampp7.4.3\\htdocs\\ODBUS\\odbusproviderbe\\vendor\\laravel\\framework\\src\\Illuminate\\Routing\\Router.php(672): Illuminate\\Routing\\Router->runRouteWithinStack(Object(Illuminate\\Routing\\Route), Object(Illuminate\\Http\\Request))
#14 C:\\xampp7.4.3\\htdocs\\ODBUS\\odbusproviderbe\\vendor\\laravel\\framework\\src\\Illuminate\\Routing\\Router.php(636): Illuminate\\Routing\\Router->runRoute(Object(Illuminate\\Http\\Request), Object(Illuminate\\Routing\\Route))
#15 C:\\xampp7.4.3\\htdocs\\ODBUS\\odbusproviderbe\\vendor\\laravel\\framework\\src\\Illuminate\\Routing\\Router.php(625): Illuminate\\Routing\\Router->dispatchToRoute(Object(Illuminate\\Http\\Request))
#16 C:\\xampp7.4.3\\htdocs\\ODBUS\\odbusproviderbe\\vendor\\laravel\\framework\\src\\Illuminate\\Foundation\\Http\\Kernel.php(167): Illuminate\\Routing\\Router->dispatch(Object(Illuminate\\Http\\Request))
#17 C:\\xampp7.4.3\\htdocs\\ODBUS\\odbusproviderbe\\vendor\\laravel\\framework\\src\\Illuminate\\Pipeline\\Pipeline.php(128): Illuminate\\Foundation\\Http\\Kernel->Illuminate\\Foundation\\Http\\{closure}(Object(Illuminate\\Http\\Request))
#18 C:\\xampp7.4.3\\htdocs\\ODBUS\\odbusproviderbe\\app\\Http\\Middleware\\Cors.php(22): Illuminate\\Pipeline\\Pipeline->Illuminate\\Pipeline\\{closure}(Object(Illuminate\\Http\\Request))
#19 C:\\xampp7.4.3\\htdocs\\ODBUS\\odbusproviderbe\\vendor\\laravel\\framework\\src\\Illuminate\\Pipeline\\Pipeline.php(167): App\\Http\\Middleware\\Cors->handle(Object(Illuminate\\Http\\Request), Object(Closure))
#20 C:\\xampp7.4.3\\htdocs\\ODBUS\\odbusproviderbe\\vendor\\laravel\\framework\\src\\Illuminate\\Foundation\\Http\\Middleware\\TransformsRequest.php(21): Illuminate\\Pipeline\\Pipeline->Illuminate\\Pipeline\\{closure}(Object(Illuminate\\Http\\Request))
#21 C:\\xampp7.4.3\\htdocs\\ODBUS\\odbusproviderbe\\vendor\\laravel\\framework\\src\\Illuminate\\Foundation\\Http\\Middleware\\ConvertEmptyStringsToNull.php(31): Illuminate\\Foundation\\Http\\Middleware\\TransformsRequest->handle(Object(Illuminate\\Http\\Request), Object(Closure))
#22 C:\\xampp7.4.3\\htdocs\\ODBUS\\odbusproviderbe\\vendor\\laravel\\framework\\src\\Illuminate\\Pipeline\\Pipeline.php(167): Illuminate\\Foundation\\Http\\Middleware\\ConvertEmptyStringsToNull->handle(Object(Illuminate\\Http\\Request), Object(Closure))
#23 C:\\xampp7.4.3\\htdocs\\ODBUS\\odbusproviderbe\\vendor\\laravel\\framework\\src\\Illuminate\\Foundation\\Http\\Middleware\\TransformsRequest.php(21): Illuminate\\Pipeline\\Pipeline->Illuminate\\Pipeline\\{closure}(Object(Illuminate\\Http\\Request))
#24 C:\\xampp7.4.3\\htdocs\\ODBUS\\odbusproviderbe\\vendor\\laravel\\framework\\src\\Illuminate\\Foundation\\Http\\Middleware\\TrimStrings.php(40): Illuminate\\Foundation\\Http\\Middleware\\TransformsRequest->handle(Object(Illuminate\\Http\\Request), Object(Closure))
#25 C:\\xampp7.4.3\\htdocs\\ODBUS\\odbusproviderbe\\vendor\\laravel\\framework\\src\\Illuminate\\Pipeline\\Pipeline.php(167): Illuminate\\Foundation\\Http\\Middleware\\TrimStrings->handle(Object(Illuminate\\Http\\Request), Object(Closure))
#26 C:\\xampp7.4.3\\htdocs\\ODBUS\\odbusproviderbe\\vendor\\laravel\\framework\\src\\Illuminate\\Foundation\\Http\\Middleware\\ValidatePostSize.php(27): Illuminate\\Pipeline\\Pipeline->Illuminate\\Pipeline\\{closure}(Object(Illuminate\\Http\\Request))
#27 C:\\xampp7.4.3\\htdocs\\ODBUS\\odbusproviderbe\\vendor\\laravel\\framework\\src\\Illuminate\\Pipeline\\Pipeline.php(167): Illuminate\\Foundation\\Http\\Middleware\\ValidatePostSize->handle(Object(Illuminate\\Http\\Request), Object(Closure))
#28 C:\\xampp7.4.3\\htdocs\\ODBUS\\odbusproviderbe\\vendor\\laravel\\framework\\src\\Illuminate\\Foundation\\Http\\Middleware\\PreventRequestsDuringMaintenance.php(86): Illuminate\\Pipeline\\Pipeline->Illuminate\\Pipeline\\{closure}(Object(Illuminate\\Http\\Request))
#29 C:\\xampp7.4.3\\htdocs\\ODBUS\\odbusproviderbe\\vendor\\laravel\\framework\\src\\Illuminate\\Pipeline\\Pipeline.php(167): Illuminate\\Foundation\\Http\\Middleware\\PreventRequestsDuringMaintenance->handle(Object(Illuminate\\Http\\Request), Object(Closure))
#30 C:\\xampp7.4.3\\htdocs\\ODBUS\\odbusproviderbe\\vendor\\fideloper\\proxy\\src\\TrustProxies.php(57): Illuminate\\Pipeline\\Pipeline->Illuminate\\Pipeline\\{closure}(Object(Illuminate\\Http\\Request))
#31 C:\\xampp7.4.3\\htdocs\\ODBUS\\odbusproviderbe\\vendor\\laravel\\framework\\src\\Illuminate\\Pipeline\\Pipeline.php(167): Fideloper\\Proxy\\TrustProxies->handle(Object(Illuminate\\Http\\Request), Object(Closure))
#32 C:\\xampp7.4.3\\htdocs\\ODBUS\\odbusproviderbe\\vendor\\laravel\\framework\\src\\Illuminate\\Pipeline\\Pipeline.php(103): Illuminate\\Pipeline\\Pipeline->Illuminate\\Pipeline\\{closure}(Object(Illuminate\\Http\\Request))
#33 C:\\xampp7.4.3\\htdocs\\ODBUS\\odbusproviderbe\\vendor\\laravel\\framework\\src\\Illuminate\\Foundation\\Http\\Kernel.php(142): Illuminate\\Pipeline\\Pipeline->then(Object(Closure))
#34 C:\\xampp7.4.3\\htdocs\\ODBUS\\odbusproviderbe\\vendor\\laravel\\framework\\src\\Illuminate\\Foundation\\Http\\Kernel.php(111): Illuminate\\Foundation\\Http\\Kernel->sendRequestThroughRouter(Object(Illuminate\\Http\\Request))
#35 C:\\xampp7.4.3\\htdocs\\ODBUS\\odbusproviderbe\\index.php(52): Illuminate\\Foundation\\Http\\Kernel->handle(Object(Illuminate\\Http\\Request))
#36 {main}
"} 
[2025-11-13 17:34:14] local.ERROR: Call to undefined method App\Services\BusOperatorService::getAll() {"exception":"[object] (Error(code: 0): Call to undefined method App\\Services\\BusOperatorService::getAll() at C:\\xampp7.4.3\\htdocs\\ODBUS\\odbusproviderbe\\app\\Http\\Controllers\\BusOperatorController.php:56)
[stacktrace]
#0 C:\\xampp7.4.3\\htdocs\\ODBUS\\odbusproviderbe\\vendor\\laravel\\framework\\src\\Illuminate\\Routing\\Controller.php(54): App\\Http\\Controllers\\BusOperatorController->getAllBusOperators()
#1 C:\\xampp7.4.3\\htdocs\\ODBUS\\odbusproviderbe\\vendor\\laravel\\framework\\src\\Illuminate\\Routing\\ControllerDispatcher.php(45): Illuminate\\Routing\\Controller->callAction('getAllBusOperat...', Array)
#2 C:\\xampp7.4.3\\htdocs\\ODBUS\\odbusproviderbe\\vendor\\laravel\\framework\\src\\Illuminate\\Routing\\Route.php(262): Illuminate\\Routing\\ControllerDispatcher->dispatch(Object(Illuminate\\Routing\\Route), Object(App\\Http\\Controllers\\BusOperatorController), 'getAllBusOperat...')
#3 C:\\xampp7.4.3\\htdocs\\ODBUS\\odbusproviderbe\\vendor\\laravel\\framework\\src\\Illuminate\\Routing\\Route.php(205): Illuminate\\Routing\\Route->runController()
#4 C:\\xampp7.4.3\\htdocs\\ODBUS\\odbusproviderbe\\vendor\\laravel\\framework\\src\\Illuminate\\Routing\\Router.php(695): Illuminate\\Routing\\Route->run()
#5 C:\\xampp7.4.3\\htdocs\\ODBUS\\odbusproviderbe\\vendor\\laravel\\framework\\src\\Illuminate\\Pipeline\\Pipeline.php(128): Illuminate\\Routing\\Router->Illuminate\\Routing\\{closure}(Object(Illuminate\\Http\\Request))
#6 C:\\xampp7.4.3\\htdocs\\ODBUS\\odbusproviderbe\\vendor\\laravel\\framework\\src\\Illuminate\\Routing\\Middleware\\SubstituteBindings.php(50): Illuminate\\Pipeline\\Pipeline->Illuminate\\Pipeline\\{closure}(Object(Illuminate\\Http\\Request))
#7 C:\\xampp7.4.3\\htdocs\\ODBUS\\odbusproviderbe\\vendor\\laravel\\framework\\src\\Illuminate\\Pipeline\\Pipeline.php(167): Illuminate\\Routing\\Middleware\\SubstituteBindings->handle(Object(Illuminate\\Http\\Request), Object(Closure))
#8 C:\\xampp7.4.3\\htdocs\\ODBUS\\odbusproviderbe\\vendor\\laravel\\framework\\src\\Illuminate\\Routing\\Middleware\\ThrottleRequests.php(127): Illuminate\\Pipeline\\Pipeline->Illuminate\\Pipeline\\{closure}(Object(Illuminate\\Http\\Request))
#9 C:\\xampp7.4.3\\htdocs\\ODBUS\\odbusproviderbe\\vendor\\laravel\\framework\\src\\Illuminate\\Routing\\Middleware\\ThrottleRequests.php(103): Illuminate\\Routing\\Middleware\\ThrottleRequests->handleRequest(Object(Illuminate\\Http\\Request), Object(Closure), Array)
#10 C:\\xampp7.4.3\\htdocs\\ODBUS\\odbusproviderbe\\vendor\\laravel\\framework\\src\\Illuminate\\Routing\\Middleware\\ThrottleRequests.php(55): Illuminate\\Routing\\Middleware\\ThrottleRequests->handleRequestUsingNamedLimiter(Object(Illuminate\\Http\\Request), Object(Closure), 'api', Object(Closure))
#11 C:\\xampp7.4.3\\htdocs\\ODBUS\\odbusproviderbe\\vendor\\laravel\\framework\\src\\Illuminate\\Pipeline\\Pipeline.php(167): Illuminate\\Routing\\Middleware\\ThrottleRequests->handle(Object(Illuminate\\Http\\Request), Object(Closure), 'api')
#12 C:\\xampp7.4.3\\htdocs\\ODBUS\\odbusproviderbe\\vendor\\laravel\\framework\\src\\Illuminate\\Pipeline\\Pipeline.php(103): Illuminate\\Pipeline\\Pipeline->Illuminate\\Pipeline\\{closure}(Object(Illuminate\\Http\\Request))
#13 C:\\xampp7.4.3\\htdocs\\ODBUS\\odbusproviderbe\\vendor\\laravel\\framework\\src\\Illuminate\\Routing\\Router.php(697): Illuminate\\Pipeline\\Pipeline->then(Object(Closure))
#14 C:\\xampp7.4.3\\htdocs\\ODBUS\\odbusproviderbe\\vendor\\laravel\\framework\\src\\Illuminate\\Routing\\Router.php(672): Illuminate\\Routing\\Router->runRouteWithinStack(Object(Illuminate\\Routing\\Route), Object(Illuminate\\Http\\Request))
#15 C:\\xampp7.4.3\\htdocs\\ODBUS\\odbusproviderbe\\vendor\\laravel\\framework\\src\\Illuminate\\Routing\\Router.php(636): Illuminate\\Routing\\Router->runRoute(Object(Illuminate\\Http\\Request), Object(Illuminate\\Routing\\Route))
#16 C:\\xampp7.4.3\\htdocs\\ODBUS\\odbusproviderbe\\vendor\\laravel\\framework\\src\\Illuminate\\Routing\\Router.php(625): Illuminate\\Routing\\Router->dispatchToRoute(Object(Illuminate\\Http\\Request))
#17 C:\\xampp7.4.3\\htdocs\\ODBUS\\odbusproviderbe\\vendor\\laravel\\framework\\src\\Illuminate\\Foundation\\Http\\Kernel.php(167): Illuminate\\Routing\\Router->dispatch(Object(Illuminate\\Http\\Request))
#18 C:\\xampp7.4.3\\htdocs\\ODBUS\\odbusproviderbe\\vendor\\laravel\\framework\\src\\Illuminate\\Pipeline\\Pipeline.php(128): Illuminate\\Foundation\\Http\\Kernel->Illuminate\\Foundation\\Http\\{closure}(Object(Illuminate\\Http\\Request))
#19 C:\\xampp7.4.3\\htdocs\\ODBUS\\odbusproviderbe\\app\\Http\\Middleware\\Cors.php(22): Illuminate\\Pipeline\\Pipeline->Illuminate\\Pipeline\\{closure}(Object(Illuminate\\Http\\Request))
#20 C:\\xampp7.4.3\\htdocs\\ODBUS\\odbusproviderbe\\vendor\\laravel\\framework\\src\\Illuminate\\Pipeline\\Pipeline.php(167): App\\Http\\Middleware\\Cors->handle(Object(Illuminate\\Http\\Request), Object(Closure))
#21 C:\\xampp7.4.3\\htdocs\\ODBUS\\odbusproviderbe\\vendor\\laravel\\framework\\src\\Illuminate\\Foundation\\Http\\Middleware\\TransformsRequest.php(21): Illuminate\\Pipeline\\Pipeline->Illuminate\\Pipeline\\{closure}(Object(Illuminate\\Http\\Request))
#22 C:\\xampp7.4.3\\htdocs\\ODBUS\\odbusproviderbe\\vendor\\laravel\\framework\\src\\Illuminate\\Foundation\\Http\\Middleware\\ConvertEmptyStringsToNull.php(31): Illuminate\\Foundation\\Http\\Middleware\\TransformsRequest->handle(Object(Illuminate\\Http\\Request), Object(Closure))
#23 C:\\xampp7.4.3\\htdocs\\ODBUS\\odbusproviderbe\\vendor\\laravel\\framework\\src\\Illuminate\\Pipeline\\Pipeline.php(167): Illuminate\\Foundation\\Http\\Middleware\\ConvertEmptyStringsToNull->handle(Object(Illuminate\\Http\\Request), Object(Closure))
#24 C:\\xampp7.4.3\\htdocs\\ODBUS\\odbusproviderbe\\vendor\\laravel\\framework\\src\\Illuminate\\Foundation\\Http\\Middleware\\TransformsRequest.php(21): Illuminate\\Pipeline\\Pipeline->Illuminate\\Pipeline\\{closure}(Object(Illuminate\\Http\\Request))
#25 C:\\xampp7.4.3\\htdocs\\ODBUS\\odbusproviderbe\\vendor\\laravel\\framework\\src\\Illuminate\\Foundation\\Http\\Middleware\\TrimStrings.php(40): Illuminate\\Foundation\\Http\\Middleware\\TransformsRequest->handle(Object(Illuminate\\Http\\Request), Object(Closure))
#26 C:\\xampp7.4.3\\htdocs\\ODBUS\\odbusproviderbe\\vendor\\laravel\\framework\\src\\Illuminate\\Pipeline\\Pipeline.php(167): Illuminate\\Foundation\\Http\\Middleware\\TrimStrings->handle(Object(Illuminate\\Http\\Request), Object(Closure))
#27 C:\\xampp7.4.3\\htdocs\\ODBUS\\odbusproviderbe\\vendor\\laravel\\framework\\src\\Illuminate\\Foundation\\Http\\Middleware\\ValidatePostSize.php(27): Illuminate\\Pipeline\\Pipeline->Illuminate\\Pipeline\\{closure}(Object(Illuminate\\Http\\Request))
#28 C:\\xampp7.4.3\\htdocs\\ODBUS\\odbusproviderbe\\vendor\\laravel\\framework\\src\\Illuminate\\Pipeline\\Pipeline.php(167): Illuminate\\Foundation\\Http\\Middleware\\ValidatePostSize->handle(Object(Illuminate\\Http\\Request), Object(Closure))
#29 C:\\xampp7.4.3\\htdocs\\ODBUS\\odbusproviderbe\\vendor\\laravel\\framework\\src\\Illuminate\\Foundation\\Http\\Middleware\\PreventRequestsDuringMaintenance.php(86): Illuminate\\Pipeline\\Pipeline->Illuminate\\Pipeline\\{closure}(Object(Illuminate\\Http\\Request))
#30 C:\\xampp7.4.3\\htdocs\\ODBUS\\odbusproviderbe\\vendor\\laravel\\framework\\src\\Illuminate\\Pipeline\\Pipeline.php(167): Illuminate\\Foundation\\Http\\Middleware\\PreventRequestsDuringMaintenance->handle(Object(Illuminate\\Http\\Request), Object(Closure))
#31 C:\\xampp7.4.3\\htdocs\\ODBUS\\odbusproviderbe\\vendor\\fideloper\\proxy\\src\\TrustProxies.php(57): Illuminate\\Pipeline\\Pipeline->Illuminate\\Pipeline\\{closure}(Object(Illuminate\\Http\\Request))
#32 C:\\xampp7.4.3\\htdocs\\ODBUS\\odbusproviderbe\\vendor\\laravel\\framework\\src\\Illuminate\\Pipeline\\Pipeline.php(167): Fideloper\\Proxy\\TrustProxies->handle(Object(Illuminate\\Http\\Request), Object(Closure))
#33 C:\\xampp7.4.3\\htdocs\\ODBUS\\odbusproviderbe\\vendor\\laravel\\framework\\src\\Illuminate\\Pipeline\\Pipeline.php(103): Illuminate\\Pipeline\\Pipeline->Illuminate\\Pipeline\\{closure}(Object(Illuminate\\Http\\Request))
#34 C:\\xampp7.4.3\\htdocs\\ODBUS\\odbusproviderbe\\vendor\\laravel\\framework\\src\\Illuminate\\Foundation\\Http\\Kernel.php(142): Illuminate\\Pipeline\\Pipeline->then(Object(Closure))
#35 C:\\xampp7.4.3\\htdocs\\ODBUS\\odbusproviderbe\\vendor\\laravel\\framework\\src\\Illuminate\\Foundation\\Http\\Kernel.php(111): Illuminate\\Foundation\\Http\\Kernel->sendRequestThroughRouter(Object(Illuminate\\Http\\Request))
#36 C:\\xampp7.4.3\\htdocs\\ODBUS\\odbusproviderbe\\index.php(52): Illuminate\\Foundation\\Http\\Kernel->handle(Object(Illuminate\\Http\\Request))
#37 {main}
"} 
