[2025-11-12 10:10:42] local.ERROR: Call to undefined method App\Services\LocationService::getAll() {"exception":"[object] (Error(code: 0): Call to undefined method App\\Services\\LocationService::getAll() at C:\\xampp7.4.3\\htdocs\\ODBUS\\odbusproviderbe\\app\\Http\\Controllers\\LocationController.php:41)
[stacktrace]
#0 C:\\xampp7.4.3\\htdocs\\ODBUS\\odbusproviderbe\\vendor\\laravel\\framework\\src\\Illuminate\\Routing\\Controller.php(54): App\\Http\\Controllers\\LocationController->getAllLocations()
#1 C:\\xampp7.4.3\\htdocs\\ODBUS\\odbusproviderbe\\vendor\\laravel\\framework\\src\\Illuminate\\Routing\\ControllerDispatcher.php(45): Illuminate\\Routing\\Controller->callAction('getAllLocations', Array)
#2 C:\\xampp7.4.3\\htdocs\\ODBUS\\odbusproviderbe\\vendor\\laravel\\framework\\src\\Illuminate\\Routing\\Route.php(262): Illuminate\\Routing\\ControllerDispatcher->dispatch(Object(Illuminate\\Routing\\Route), Object(App\\Http\\Controllers\\LocationController), 'getAllLocations')
#3 C:\\xampp7.4.3\\htdocs\\ODBUS\\odbusproviderbe\\vendor\\laravel\\framework\\src\\Illuminate\\Routing\\Route.php(205): Illuminate\\Routing\\Route->runController()
#4 C:\\xampp7.4.3\\htdocs\\ODBUS\\odbusproviderbe\\vendor\\laravel\\framework\\src\\Illuminate\\Routing\\Router.php(695): Illuminate\\Routing\\Route->run()
#5 C:\\xampp7.4.3\\htdocs\\ODBUS\\odbusproviderbe\\vendor\\laravel\\framework\\src\\Illuminate\\Pipeline\\Pipeline.php(128): Illuminate\\Routing\\Router->Illuminate\\Routing\\{closure}(Object(Illuminate\\Http\\Request))
#6 C:\\xampp7.4.3\\htdocs\\ODBUS\\odbusproviderbe\\vendor\\laravel\\framework\\src\\Illuminate\\Routing\\Middleware\\SubstituteBindings.php(50): Illuminate\\Pipeline\\Pipeline->Illuminate\\Pipeline\\{closure}(Object(Illuminate\\Http\\Request))
#7 C:\\xampp7.4.3\\htdocs\\ODBUS\\odbusproviderbe\\vendor\\laravel\\framework\\src\\Illuminate\\Pipeline\\Pipeline.php(167): Illuminate\\Routing\\Middleware\\SubstituteBindings->handle(Object(Illuminate\\Http\\Request), Object(Closure))
#8 C:\\xampp7.4.3\\htdocs\\ODBUS\\odbusproviderbe\\vendor\\laravel\\framework\\src\\Illuminate\\Routing\\Middleware\\ThrottleRequests.php(127): Illuminate\\Pipeline\\Pipeline->Illuminate\\Pipeline\\{closure}(Object(Illuminate\\Http\\Request))
#9 C:\\xampp7.4.3\\htdocs\\ODBUS\\odbusproviderbe\\vendor\\laravel\\framework\\src\\Illuminate\\Routing\\Middleware\\ThrottleRequests.php(103): Illuminate\\Routing\\Middleware\\ThrottleRequests->handleRequest(Object(Illuminate\\Http\\Request), Object(Closure), Array)
#10 C:\\xampp7.4.3\\htdocs\\ODBUS\\odbusproviderbe\\vendor\\laravel\\framework\\src\\Illuminate\\Routing\\Middleware\\ThrottleRequests.php(55): Illuminate\\Routing\\Middleware\\ThrottleRequests->handleRequestUsingNamedLimiter(Object(Illuminate\\Http\\Request), Object(Closure), 'api', Object(Closure))
#11 C:\\xampp7.4.3\\htdocs\\ODBUS\\odbusproviderbe\\vendor\\laravel\\framework\\src\\Illuminate\\Pipeline\\Pipeline.php(167): Illuminate\\Routing\\Middleware\\ThrottleRequests->handle(Object(Illuminate\\Http\\Request), Object(Closure), 'api')
#12 C:\\xampp7.4.3\\htdocs\\ODBUS\\odbusproviderbe\\vendor\\laravel\\framework\\src\\Illuminate\\Pipeline\\Pipeline.php(103): Illuminate\\Pipeline\\Pipeline->Illuminate\\Pipeline\\{closure}(Object(Illuminate\\Http\\Request))
#13 C:\\xampp7.4.3\\htdocs\\ODBUS\\odbusproviderbe\\vendor\\laravel\\framework\\src\\Illuminate\\Routing\\Router.php(697): Illuminate\\Pipeline\\Pipeline->then(Object(Closure))
#14 C:\\xampp7.4.3\\htdocs\\ODBUS\\odbusproviderbe\\vendor\\laravel\\framework\\src\\Illuminate\\Routing\\Router.php(672): Illuminate\\Routing\\Router->runRouteWithinStack(Object(Illuminate\\Routing\\Route), Object(Illuminate\\Http\\Request))
#15 C:\\xampp7.4.3\\htdocs\\ODBUS\\odbusproviderbe\\vendor\\laravel\\framework\\src\\Illuminate\\Routing\\Router.php(636): Illuminate\\Routing\\Router->runRoute(Object(Illuminate\\Http\\Request), Object(Illuminate\\Routing\\Route))
#16 C:\\xampp7.4.3\\htdocs\\ODBUS\\odbusproviderbe\\vendor\\laravel\\framework\\src\\Illuminate\\Routing\\Router.php(625): Illuminate\\Routing\\Router->dispatchToRoute(Object(Illuminate\\Http\\Request))
#17 C:\\xampp7.4.3\\htdocs\\ODBUS\\odbusproviderbe\\vendor\\laravel\\framework\\src\\Illuminate\\Foundation\\Http\\Kernel.php(167): Illuminate\\Routing\\Router->dispatch(Object(Illuminate\\Http\\Request))
#18 C:\\xampp7.4.3\\htdocs\\ODBUS\\odbusproviderbe\\vendor\\laravel\\framework\\src\\Illuminate\\Pipeline\\Pipeline.php(128): Illuminate\\Foundation\\Http\\Kernel->Illuminate\\Foundation\\Http\\{closure}(Object(Illuminate\\Http\\Request))
#19 C:\\xampp7.4.3\\htdocs\\ODBUS\\odbusproviderbe\\app\\Http\\Middleware\\Cors.php(22): Illuminate\\Pipeline\\Pipeline->Illuminate\\Pipeline\\{closure}(Object(Illuminate\\Http\\Request))
#20 C:\\xampp7.4.3\\htdocs\\ODBUS\\odbusproviderbe\\vendor\\laravel\\framework\\src\\Illuminate\\Pipeline\\Pipeline.php(167): App\\Http\\Middleware\\Cors->handle(Object(Illuminate\\Http\\Request), Object(Closure))
#21 C:\\xampp7.4.3\\htdocs\\ODBUS\\odbusproviderbe\\vendor\\laravel\\framework\\src\\Illuminate\\Foundation\\Http\\Middleware\\TransformsRequest.php(21): Illuminate\\Pipeline\\Pipeline->Illuminate\\Pipeline\\{closure}(Object(Illuminate\\Http\\Request))
#22 C:\\xampp7.4.3\\htdocs\\ODBUS\\odbusproviderbe\\vendor\\laravel\\framework\\src\\Illuminate\\Foundation\\Http\\Middleware\\ConvertEmptyStringsToNull.php(31): Illuminate\\Foundation\\Http\\Middleware\\TransformsRequest->handle(Object(Illuminate\\Http\\Request), Object(Closure))
#23 C:\\xampp7.4.3\\htdocs\\ODBUS\\odbusproviderbe\\vendor\\laravel\\framework\\src\\Illuminate\\Pipeline\\Pipeline.php(167): Illuminate\\Foundation\\Http\\Middleware\\ConvertEmptyStringsToNull->handle(Object(Illuminate\\Http\\Request), Object(Closure))
#24 C:\\xampp7.4.3\\htdocs\\ODBUS\\odbusproviderbe\\vendor\\laravel\\framework\\src\\Illuminate\\Foundation\\Http\\Middleware\\TransformsRequest.php(21): Illuminate\\Pipeline\\Pipeline->Illuminate\\Pipeline\\{closure}(Object(Illuminate\\Http\\Request))
#25 C:\\xampp7.4.3\\htdocs\\ODBUS\\odbusproviderbe\\vendor\\laravel\\framework\\src\\Illuminate\\Foundation\\Http\\Middleware\\TrimStrings.php(40): Illuminate\\Foundation\\Http\\Middleware\\TransformsRequest->handle(Object(Illuminate\\Http\\Request), Object(Closure))
#26 C:\\xampp7.4.3\\htdocs\\ODBUS\\odbusproviderbe\\vendor\\laravel\\framework\\src\\Illuminate\\Pipeline\\Pipeline.php(167): Illuminate\\Foundation\\Http\\Middleware\\TrimStrings->handle(Object(Illuminate\\Http\\Request), Object(Closure))
#27 C:\\xampp7.4.3\\htdocs\\ODBUS\\odbusproviderbe\\vendor\\laravel\\framework\\src\\Illuminate\\Foundation\\Http\\Middleware\\ValidatePostSize.php(27): Illuminate\\Pipeline\\Pipeline->Illuminate\\Pipeline\\{closure}(Object(Illuminate\\Http\\Request))
#28 C:\\xampp7.4.3\\htdocs\\ODBUS\\odbusproviderbe\\vendor\\laravel\\framework\\src\\Illuminate\\Pipeline\\Pipeline.php(167): Illuminate\\Foundation\\Http\\Middleware\\ValidatePostSize->handle(Object(Illuminate\\Http\\Request), Object(Closure))
#29 C:\\xampp7.4.3\\htdocs\\ODBUS\\odbusproviderbe\\vendor\\laravel\\framework\\src\\Illuminate\\Foundation\\Http\\Middleware\\PreventRequestsDuringMaintenance.php(86): Illuminate\\Pipeline\\Pipeline->Illuminate\\Pipeline\\{closure}(Object(Illuminate\\Http\\Request))
#30 C:\\xampp7.4.3\\htdocs\\ODBUS\\odbusproviderbe\\vendor\\laravel\\framework\\src\\Illuminate\\Pipeline\\Pipeline.php(167): Illuminate\\Foundation\\Http\\Middleware\\PreventRequestsDuringMaintenance->handle(Object(Illuminate\\Http\\Request), Object(Closure))
#31 C:\\xampp7.4.3\\htdocs\\ODBUS\\odbusproviderbe\\vendor\\fideloper\\proxy\\src\\TrustProxies.php(57): Illuminate\\Pipeline\\Pipeline->Illuminate\\Pipeline\\{closure}(Object(Illuminate\\Http\\Request))
#32 C:\\xampp7.4.3\\htdocs\\ODBUS\\odbusproviderbe\\vendor\\laravel\\framework\\src\\Illuminate\\Pipeline\\Pipeline.php(167): Fideloper\\Proxy\\TrustProxies->handle(Object(Illuminate\\Http\\Request), Object(Closure))
#33 C:\\xampp7.4.3\\htdocs\\ODBUS\\odbusproviderbe\\vendor\\laravel\\framework\\src\\Illuminate\\Pipeline\\Pipeline.php(103): Illuminate\\Pipeline\\Pipeline->Illuminate\\Pipeline\\{closure}(Object(Illuminate\\Http\\Request))
#34 C:\\xampp7.4.3\\htdocs\\ODBUS\\odbusproviderbe\\vendor\\laravel\\framework\\src\\Illuminate\\Foundation\\Http\\Kernel.php(142): Illuminate\\Pipeline\\Pipeline->then(Object(Closure))
#35 C:\\xampp7.4.3\\htdocs\\ODBUS\\odbusproviderbe\\vendor\\laravel\\framework\\src\\Illuminate\\Foundation\\Http\\Kernel.php(111): Illuminate\\Foundation\\Http\\Kernel->sendRequestThroughRouter(Object(Illuminate\\Http\\Request))
#36 C:\\xampp7.4.3\\htdocs\\ODBUS\\odbusproviderbe\\index.php(52): Illuminate\\Foundation\\Http\\Kernel->handle(Object(Illuminate\\Http\\Request))
#37 {main}
"} 
[2025-11-12 10:55:31] local.ERROR: Call to undefined method App\Services\AgentService::agentprofile() {"exception":"[object] (Error(code: 0): Call to undefined method App\\Services\\AgentService::agentprofile() at C:\\xampp7.4.3\\htdocs\\ODBUS\\odbusproviderbe\\app\\Http\\Controllers\\AgentController.php:33)
[stacktrace]
#0 C:\\xampp7.4.3\\htdocs\\ODBUS\\odbusproviderbe\\vendor\\laravel\\framework\\src\\Illuminate\\Routing\\Controller.php(54): App\\Http\\Controllers\\AgentController->agentprofile(Object(Illuminate\\Http\\Request))
#1 C:\\xampp7.4.3\\htdocs\\ODBUS\\odbusproviderbe\\vendor\\laravel\\framework\\src\\Illuminate\\Routing\\ControllerDispatcher.php(45): Illuminate\\Routing\\Controller->callAction('agentprofile', Array)
#2 C:\\xampp7.4.3\\htdocs\\ODBUS\\odbusproviderbe\\vendor\\laravel\\framework\\src\\Illuminate\\Routing\\Route.php(262): Illuminate\\Routing\\ControllerDispatcher->dispatch(Object(Illuminate\\Routing\\Route), Object(App\\Http\\Controllers\\AgentController), 'agentprofile')
#3 C:\\xampp7.4.3\\htdocs\\ODBUS\\odbusproviderbe\\vendor\\laravel\\framework\\src\\Illuminate\\Routing\\Route.php(205): Illuminate\\Routing\\Route->runController()
#4 C:\\xampp7.4.3\\htdocs\\ODBUS\\odbusproviderbe\\vendor\\laravel\\framework\\src\\Illuminate\\Routing\\Router.php(695): Illuminate\\Routing\\Route->run()
#5 C:\\xampp7.4.3\\htdocs\\ODBUS\\odbusproviderbe\\vendor\\laravel\\framework\\src\\Illuminate\\Pipeline\\Pipeline.php(128): Illuminate\\Routing\\Router->Illuminate\\Routing\\{closure}(Object(Illuminate\\Http\\Request))
#6 C:\\xampp7.4.3\\htdocs\\ODBUS\\odbusproviderbe\\vendor\\laravel\\framework\\src\\Illuminate\\Routing\\Middleware\\SubstituteBindings.php(50): Illuminate\\Pipeline\\Pipeline->Illuminate\\Pipeline\\{closure}(Object(Illuminate\\Http\\Request))
#7 C:\\xampp7.4.3\\htdocs\\ODBUS\\odbusproviderbe\\vendor\\laravel\\framework\\src\\Illuminate\\Pipeline\\Pipeline.php(167): Illuminate\\Routing\\Middleware\\SubstituteBindings->handle(Object(Illuminate\\Http\\Request), Object(Closure))
#8 C:\\xampp7.4.3\\htdocs\\ODBUS\\odbusproviderbe\\vendor\\laravel\\framework\\src\\Illuminate\\Routing\\Middleware\\ThrottleRequests.php(127): Illuminate\\Pipeline\\Pipeline->Illuminate\\Pipeline\\{closure}(Object(Illuminate\\Http\\Request))
#9 C:\\xampp7.4.3\\htdocs\\ODBUS\\odbusproviderbe\\vendor\\laravel\\framework\\src\\Illuminate\\Routing\\Middleware\\ThrottleRequests.php(103): Illuminate\\Routing\\Middleware\\ThrottleRequests->handleRequest(Object(Illuminate\\Http\\Request), Object(Closure), Array)
#10 C:\\xampp7.4.3\\htdocs\\ODBUS\\odbusproviderbe\\vendor\\laravel\\framework\\src\\Illuminate\\Routing\\Middleware\\ThrottleRequests.php(55): Illuminate\\Routing\\Middleware\\ThrottleRequests->handleRequestUsingNamedLimiter(Object(Illuminate\\Http\\Request), Object(Closure), 'api', Object(Closure))
#11 C:\\xampp7.4.3\\htdocs\\ODBUS\\odbusproviderbe\\vendor\\laravel\\framework\\src\\Illuminate\\Pipeline\\Pipeline.php(167): Illuminate\\Routing\\Middleware\\ThrottleRequests->handle(Object(Illuminate\\Http\\Request), Object(Closure), 'api')
#12 C:\\xampp7.4.3\\htdocs\\ODBUS\\odbusproviderbe\\vendor\\laravel\\framework\\src\\Illuminate\\Pipeline\\Pipeline.php(103): Illuminate\\Pipeline\\Pipeline->Illuminate\\Pipeline\\{closure}(Object(Illuminate\\Http\\Request))
#13 C:\\xampp7.4.3\\htdocs\\ODBUS\\odbusproviderbe\\vendor\\laravel\\framework\\src\\Illuminate\\Routing\\Router.php(697): Illuminate\\Pipeline\\Pipeline->then(Object(Closure))
#14 C:\\xampp7.4.3\\htdocs\\ODBUS\\odbusproviderbe\\vendor\\laravel\\framework\\src\\Illuminate\\Routing\\Router.php(672): Illuminate\\Routing\\Router->runRouteWithinStack(Object(Illuminate\\Routing\\Route), Object(Illuminate\\Http\\Request))
#15 C:\\xampp7.4.3\\htdocs\\ODBUS\\odbusproviderbe\\vendor\\laravel\\framework\\src\\Illuminate\\Routing\\Router.php(636): Illuminate\\Routing\\Router->runRoute(Object(Illuminate\\Http\\Request), Object(Illuminate\\Routing\\Route))
#16 C:\\xampp7.4.3\\htdocs\\ODBUS\\odbusproviderbe\\vendor\\laravel\\framework\\src\\Illuminate\\Routing\\Router.php(625): Illuminate\\Routing\\Router->dispatchToRoute(Object(Illuminate\\Http\\Request))
#17 C:\\xampp7.4.3\\htdocs\\ODBUS\\odbusproviderbe\\vendor\\laravel\\framework\\src\\Illuminate\\Foundation\\Http\\Kernel.php(167): Illuminate\\Routing\\Router->dispatch(Object(Illuminate\\Http\\Request))
#18 C:\\xampp7.4.3\\htdocs\\ODBUS\\odbusproviderbe\\vendor\\laravel\\framework\\src\\Illuminate\\Pipeline\\Pipeline.php(128): Illuminate\\Foundation\\Http\\Kernel->Illuminate\\Foundation\\Http\\{closure}(Object(Illuminate\\Http\\Request))
#19 C:\\xampp7.4.3\\htdocs\\ODBUS\\odbusproviderbe\\app\\Http\\Middleware\\Cors.php(22): Illuminate\\Pipeline\\Pipeline->Illuminate\\Pipeline\\{closure}(Object(Illuminate\\Http\\Request))
#20 C:\\xampp7.4.3\\htdocs\\ODBUS\\odbusproviderbe\\vendor\\laravel\\framework\\src\\Illuminate\\Pipeline\\Pipeline.php(167): App\\Http\\Middleware\\Cors->handle(Object(Illuminate\\Http\\Request), Object(Closure))
#21 C:\\xampp7.4.3\\htdocs\\ODBUS\\odbusproviderbe\\vendor\\laravel\\framework\\src\\Illuminate\\Foundation\\Http\\Middleware\\TransformsRequest.php(21): Illuminate\\Pipeline\\Pipeline->Illuminate\\Pipeline\\{closure}(Object(Illuminate\\Http\\Request))
#22 C:\\xampp7.4.3\\htdocs\\ODBUS\\odbusproviderbe\\vendor\\laravel\\framework\\src\\Illuminate\\Foundation\\Http\\Middleware\\ConvertEmptyStringsToNull.php(31): Illuminate\\Foundation\\Http\\Middleware\\TransformsRequest->handle(Object(Illuminate\\Http\\Request), Object(Closure))
#23 C:\\xampp7.4.3\\htdocs\\ODBUS\\odbusproviderbe\\vendor\\laravel\\framework\\src\\Illuminate\\Pipeline\\Pipeline.php(167): Illuminate\\Foundation\\Http\\Middleware\\ConvertEmptyStringsToNull->handle(Object(Illuminate\\Http\\Request), Object(Closure))
#24 C:\\xampp7.4.3\\htdocs\\ODBUS\\odbusproviderbe\\vendor\\laravel\\framework\\src\\Illuminate\\Foundation\\Http\\Middleware\\TransformsRequest.php(21): Illuminate\\Pipeline\\Pipeline->Illuminate\\Pipeline\\{closure}(Object(Illuminate\\Http\\Request))
#25 C:\\xampp7.4.3\\htdocs\\ODBUS\\odbusproviderbe\\vendor\\laravel\\framework\\src\\Illuminate\\Foundation\\Http\\Middleware\\TrimStrings.php(40): Illuminate\\Foundation\\Http\\Middleware\\TransformsRequest->handle(Object(Illuminate\\Http\\Request), Object(Closure))
#26 C:\\xampp7.4.3\\htdocs\\ODBUS\\odbusproviderbe\\vendor\\laravel\\framework\\src\\Illuminate\\Pipeline\\Pipeline.php(167): Illuminate\\Foundation\\Http\\Middleware\\TrimStrings->handle(Object(Illuminate\\Http\\Request), Object(Closure))
#27 C:\\xampp7.4.3\\htdocs\\ODBUS\\odbusproviderbe\\vendor\\laravel\\framework\\src\\Illuminate\\Foundation\\Http\\Middleware\\ValidatePostSize.php(27): Illuminate\\Pipeline\\Pipeline->Illuminate\\Pipeline\\{closure}(Object(Illuminate\\Http\\Request))
#28 C:\\xampp7.4.3\\htdocs\\ODBUS\\odbusproviderbe\\vendor\\laravel\\framework\\src\\Illuminate\\Pipeline\\Pipeline.php(167): Illuminate\\Foundation\\Http\\Middleware\\ValidatePostSize->handle(Object(Illuminate\\Http\\Request), Object(Closure))
#29 C:\\xampp7.4.3\\htdocs\\ODBUS\\odbusproviderbe\\vendor\\laravel\\framework\\src\\Illuminate\\Foundation\\Http\\Middleware\\PreventRequestsDuringMaintenance.php(86): Illuminate\\Pipeline\\Pipeline->Illuminate\\Pipeline\\{closure}(Object(Illuminate\\Http\\Request))
#30 C:\\xampp7.4.3\\htdocs\\ODBUS\\odbusproviderbe\\vendor\\laravel\\framework\\src\\Illuminate\\Pipeline\\Pipeline.php(167): Illuminate\\Foundation\\Http\\Middleware\\PreventRequestsDuringMaintenance->handle(Object(Illuminate\\Http\\Request), Object(Closure))
#31 C:\\xampp7.4.3\\htdocs\\ODBUS\\odbusproviderbe\\vendor\\fideloper\\proxy\\src\\TrustProxies.php(57): Illuminate\\Pipeline\\Pipeline->Illuminate\\Pipeline\\{closure}(Object(Illuminate\\Http\\Request))
#32 C:\\xampp7.4.3\\htdocs\\ODBUS\\odbusproviderbe\\vendor\\laravel\\framework\\src\\Illuminate\\Pipeline\\Pipeline.php(167): Fideloper\\Proxy\\TrustProxies->handle(Object(Illuminate\\Http\\Request), Object(Closure))
#33 C:\\xampp7.4.3\\htdocs\\ODBUS\\odbusproviderbe\\vendor\\laravel\\framework\\src\\Illuminate\\Pipeline\\Pipeline.php(103): Illuminate\\Pipeline\\Pipeline->Illuminate\\Pipeline\\{closure}(Object(Illuminate\\Http\\Request))
#34 C:\\xampp7.4.3\\htdocs\\ODBUS\\odbusproviderbe\\vendor\\laravel\\framework\\src\\Illuminate\\Foundation\\Http\\Kernel.php(142): Illuminate\\Pipeline\\Pipeline->then(Object(Closure))
#35 C:\\xampp7.4.3\\htdocs\\ODBUS\\odbusproviderbe\\vendor\\laravel\\framework\\src\\Illuminate\\Foundation\\Http\\Kernel.php(111): Illuminate\\Foundation\\Http\\Kernel->sendRequestThroughRouter(Object(Illuminate\\Http\\Request))
#36 C:\\xampp7.4.3\\htdocs\\ODBUS\\odbusproviderbe\\index.php(52): Illuminate\\Foundation\\Http\\Kernel->handle(Object(Illuminate\\Http\\Request))
#37 {main}
"} 
[2025-11-12 11:33:36] local.ERROR: Call to undefined method App\Services\AgentService::agentprofile() {"exception":"[object] (Error(code: 0): Call to undefined method App\\Services\\AgentService::agentprofile() at C:\\xampp7.4.3\\htdocs\\ODBUS\\odbusproviderbe\\app\\Http\\Controllers\\AgentController.php:36)
[stacktrace]
#0 C:\\xampp7.4.3\\htdocs\\ODBUS\\odbusproviderbe\\vendor\\laravel\\framework\\src\\Illuminate\\Routing\\Controller.php(54): App\\Http\\Controllers\\AgentController->agentprofile(Object(Illuminate\\Http\\Request))
#1 C:\\xampp7.4.3\\htdocs\\ODBUS\\odbusproviderbe\\vendor\\laravel\\framework\\src\\Illuminate\\Routing\\ControllerDispatcher.php(45): Illuminate\\Routing\\Controller->callAction('agentprofile', Array)
#2 C:\\xampp7.4.3\\htdocs\\ODBUS\\odbusproviderbe\\vendor\\laravel\\framework\\src\\Illuminate\\Routing\\Route.php(262): Illuminate\\Routing\\ControllerDispatcher->dispatch(Object(Illuminate\\Routing\\Route), Object(App\\Http\\Controllers\\AgentController), 'agentprofile')
#3 C:\\xampp7.4.3\\htdocs\\ODBUS\\odbusproviderbe\\vendor\\laravel\\framework\\src\\Illuminate\\Routing\\Route.php(205): Illuminate\\Routing\\Route->runController()
#4 C:\\xampp7.4.3\\htdocs\\ODBUS\\odbusproviderbe\\vendor\\laravel\\framework\\src\\Illuminate\\Routing\\Router.php(695): Illuminate\\Routing\\Route->run()
#5 C:\\xampp7.4.3\\htdocs\\ODBUS\\odbusproviderbe\\vendor\\laravel\\framework\\src\\Illuminate\\Pipeline\\Pipeline.php(128): Illuminate\\Routing\\Router->Illuminate\\Routing\\{closure}(Object(Illuminate\\Http\\Request))
#6 C:\\xampp7.4.3\\htdocs\\ODBUS\\odbusproviderbe\\vendor\\laravel\\framework\\src\\Illuminate\\Routing\\Middleware\\SubstituteBindings.php(50): Illuminate\\Pipeline\\Pipeline->Illuminate\\Pipeline\\{closure}(Object(Illuminate\\Http\\Request))
#7 C:\\xampp7.4.3\\htdocs\\ODBUS\\odbusproviderbe\\vendor\\laravel\\framework\\src\\Illuminate\\Pipeline\\Pipeline.php(167): Illuminate\\Routing\\Middleware\\SubstituteBindings->handle(Object(Illuminate\\Http\\Request), Object(Closure))
#8 C:\\xampp7.4.3\\htdocs\\ODBUS\\odbusproviderbe\\vendor\\laravel\\framework\\src\\Illuminate\\Routing\\Middleware\\ThrottleRequests.php(127): Illuminate\\Pipeline\\Pipeline->Illuminate\\Pipeline\\{closure}(Object(Illuminate\\Http\\Request))
#9 C:\\xampp7.4.3\\htdocs\\ODBUS\\odbusproviderbe\\vendor\\laravel\\framework\\src\\Illuminate\\Routing\\Middleware\\ThrottleRequests.php(103): Illuminate\\Routing\\Middleware\\ThrottleRequests->handleRequest(Object(Illuminate\\Http\\Request), Object(Closure), Array)
#10 C:\\xampp7.4.3\\htdocs\\ODBUS\\odbusproviderbe\\vendor\\laravel\\framework\\src\\Illuminate\\Routing\\Middleware\\ThrottleRequests.php(55): Illuminate\\Routing\\Middleware\\ThrottleRequests->handleRequestUsingNamedLimiter(Object(Illuminate\\Http\\Request), Object(Closure), 'api', Object(Closure))
#11 C:\\xampp7.4.3\\htdocs\\ODBUS\\odbusproviderbe\\vendor\\laravel\\framework\\src\\Illuminate\\Pipeline\\Pipeline.php(167): Illuminate\\Routing\\Middleware\\ThrottleRequests->handle(Object(Illuminate\\Http\\Request), Object(Closure), 'api')
#12 C:\\xampp7.4.3\\htdocs\\ODBUS\\odbusproviderbe\\vendor\\laravel\\framework\\src\\Illuminate\\Pipeline\\Pipeline.php(103): Illuminate\\Pipeline\\Pipeline->Illuminate\\Pipeline\\{closure}(Object(Illuminate\\Http\\Request))
#13 C:\\xampp7.4.3\\htdocs\\ODBUS\\odbusproviderbe\\vendor\\laravel\\framework\\src\\Illuminate\\Routing\\Router.php(697): Illuminate\\Pipeline\\Pipeline->then(Object(Closure))
#14 C:\\xampp7.4.3\\htdocs\\ODBUS\\odbusproviderbe\\vendor\\laravel\\framework\\src\\Illuminate\\Routing\\Router.php(672): Illuminate\\Routing\\Router->runRouteWithinStack(Object(Illuminate\\Routing\\Route), Object(Illuminate\\Http\\Request))
#15 C:\\xampp7.4.3\\htdocs\\ODBUS\\odbusproviderbe\\vendor\\laravel\\framework\\src\\Illuminate\\Routing\\Router.php(636): Illuminate\\Routing\\Router->runRoute(Object(Illuminate\\Http\\Request), Object(Illuminate\\Routing\\Route))
#16 C:\\xampp7.4.3\\htdocs\\ODBUS\\odbusproviderbe\\vendor\\laravel\\framework\\src\\Illuminate\\Routing\\Router.php(625): Illuminate\\Routing\\Router->dispatchToRoute(Object(Illuminate\\Http\\Request))
#17 C:\\xampp7.4.3\\htdocs\\ODBUS\\odbusproviderbe\\vendor\\laravel\\framework\\src\\Illuminate\\Foundation\\Http\\Kernel.php(167): Illuminate\\Routing\\Router->dispatch(Object(Illuminate\\Http\\Request))
#18 C:\\xampp7.4.3\\htdocs\\ODBUS\\odbusproviderbe\\vendor\\laravel\\framework\\src\\Illuminate\\Pipeline\\Pipeline.php(128): Illuminate\\Foundation\\Http\\Kernel->Illuminate\\Foundation\\Http\\{closure}(Object(Illuminate\\Http\\Request))
#19 C:\\xampp7.4.3\\htdocs\\ODBUS\\odbusproviderbe\\app\\Http\\Middleware\\Cors.php(22): Illuminate\\Pipeline\\Pipeline->Illuminate\\Pipeline\\{closure}(Object(Illuminate\\Http\\Request))
#20 C:\\xampp7.4.3\\htdocs\\ODBUS\\odbusproviderbe\\vendor\\laravel\\framework\\src\\Illuminate\\Pipeline\\Pipeline.php(167): App\\Http\\Middleware\\Cors->handle(Object(Illuminate\\Http\\Request), Object(Closure))
#21 C:\\xampp7.4.3\\htdocs\\ODBUS\\odbusproviderbe\\vendor\\laravel\\framework\\src\\Illuminate\\Foundation\\Http\\Middleware\\TransformsRequest.php(21): Illuminate\\Pipeline\\Pipeline->Illuminate\\Pipeline\\{closure}(Object(Illuminate\\Http\\Request))
#22 C:\\xampp7.4.3\\htdocs\\ODBUS\\odbusproviderbe\\vendor\\laravel\\framework\\src\\Illuminate\\Foundation\\Http\\Middleware\\ConvertEmptyStringsToNull.php(31): Illuminate\\Foundation\\Http\\Middleware\\TransformsRequest->handle(Object(Illuminate\\Http\\Request), Object(Closure))
#23 C:\\xampp7.4.3\\htdocs\\ODBUS\\odbusproviderbe\\vendor\\laravel\\framework\\src\\Illuminate\\Pipeline\\Pipeline.php(167): Illuminate\\Foundation\\Http\\Middleware\\ConvertEmptyStringsToNull->handle(Object(Illuminate\\Http\\Request), Object(Closure))
#24 C:\\xampp7.4.3\\htdocs\\ODBUS\\odbusproviderbe\\vendor\\laravel\\framework\\src\\Illuminate\\Foundation\\Http\\Middleware\\TransformsRequest.php(21): Illuminate\\Pipeline\\Pipeline->Illuminate\\Pipeline\\{closure}(Object(Illuminate\\Http\\Request))
#25 C:\\xampp7.4.3\\htdocs\\ODBUS\\odbusproviderbe\\vendor\\laravel\\framework\\src\\Illuminate\\Foundation\\Http\\Middleware\\TrimStrings.php(40): Illuminate\\Foundation\\Http\\Middleware\\TransformsRequest->handle(Object(Illuminate\\Http\\Request), Object(Closure))
#26 C:\\xampp7.4.3\\htdocs\\ODBUS\\odbusproviderbe\\vendor\\laravel\\framework\\src\\Illuminate\\Pipeline\\Pipeline.php(167): Illuminate\\Foundation\\Http\\Middleware\\TrimStrings->handle(Object(Illuminate\\Http\\Request), Object(Closure))
#27 C:\\xampp7.4.3\\htdocs\\ODBUS\\odbusproviderbe\\vendor\\laravel\\framework\\src\\Illuminate\\Foundation\\Http\\Middleware\\ValidatePostSize.php(27): Illuminate\\Pipeline\\Pipeline->Illuminate\\Pipeline\\{closure}(Object(Illuminate\\Http\\Request))
#28 C:\\xampp7.4.3\\htdocs\\ODBUS\\odbusproviderbe\\vendor\\laravel\\framework\\src\\Illuminate\\Pipeline\\Pipeline.php(167): Illuminate\\Foundation\\Http\\Middleware\\ValidatePostSize->handle(Object(Illuminate\\Http\\Request), Object(Closure))
#29 C:\\xampp7.4.3\\htdocs\\ODBUS\\odbusproviderbe\\vendor\\laravel\\framework\\src\\Illuminate\\Foundation\\Http\\Middleware\\PreventRequestsDuringMaintenance.php(86): Illuminate\\Pipeline\\Pipeline->Illuminate\\Pipeline\\{closure}(Object(Illuminate\\Http\\Request))
#30 C:\\xampp7.4.3\\htdocs\\ODBUS\\odbusproviderbe\\vendor\\laravel\\framework\\src\\Illuminate\\Pipeline\\Pipeline.php(167): Illuminate\\Foundation\\Http\\Middleware\\PreventRequestsDuringMaintenance->handle(Object(Illuminate\\Http\\Request), Object(Closure))
#31 C:\\xampp7.4.3\\htdocs\\ODBUS\\odbusproviderbe\\vendor\\fideloper\\proxy\\src\\TrustProxies.php(57): Illuminate\\Pipeline\\Pipeline->Illuminate\\Pipeline\\{closure}(Object(Illuminate\\Http\\Request))
#32 C:\\xampp7.4.3\\htdocs\\ODBUS\\odbusproviderbe\\vendor\\laravel\\framework\\src\\Illuminate\\Pipeline\\Pipeline.php(167): Fideloper\\Proxy\\TrustProxies->handle(Object(Illuminate\\Http\\Request), Object(Closure))
#33 C:\\xampp7.4.3\\htdocs\\ODBUS\\odbusproviderbe\\vendor\\laravel\\framework\\src\\Illuminate\\Pipeline\\Pipeline.php(103): Illuminate\\Pipeline\\Pipeline->Illuminate\\Pipeline\\{closure}(Object(Illuminate\\Http\\Request))
#34 C:\\xampp7.4.3\\htdocs\\ODBUS\\odbusproviderbe\\vendor\\laravel\\framework\\src\\Illuminate\\Foundation\\Http\\Kernel.php(142): Illuminate\\Pipeline\\Pipeline->then(Object(Closure))
#35 C:\\xampp7.4.3\\htdocs\\ODBUS\\odbusproviderbe\\vendor\\laravel\\framework\\src\\Illuminate\\Foundation\\Http\\Kernel.php(111): Illuminate\\Foundation\\Http\\Kernel->sendRequestThroughRouter(Object(Illuminate\\Http\\Request))
#36 C:\\xampp7.4.3\\htdocs\\ODBUS\\odbusproviderbe\\index.php(52): Illuminate\\Foundation\\Http\\Kernel->handle(Object(Illuminate\\Http\\Request))
#37 {main}
"} 
[2025-11-12 12:52:23] local.ERROR: Call to undefined method App\Services\AgentService::agentprofile() {"exception":"[object] (Error(code: 0): Call to undefined method App\\Services\\AgentService::agentprofile() at C:\\xampp7.4.3\\htdocs\\ODBUS\\odbusproviderbe\\app\\Http\\Controllers\\AgentController.php:34)
[stacktrace]
#0 C:\\xampp7.4.3\\htdocs\\ODBUS\\odbusproviderbe\\vendor\\laravel\\framework\\src\\Illuminate\\Routing\\Controller.php(54): App\\Http\\Controllers\\AgentController->agentprofile(Object(Illuminate\\Http\\Request))
#1 C:\\xampp7.4.3\\htdocs\\ODBUS\\odbusproviderbe\\vendor\\laravel\\framework\\src\\Illuminate\\Routing\\ControllerDispatcher.php(45): Illuminate\\Routing\\Controller->callAction('agentprofile', Array)
#2 C:\\xampp7.4.3\\htdocs\\ODBUS\\odbusproviderbe\\vendor\\laravel\\framework\\src\\Illuminate\\Routing\\Route.php(262): Illuminate\\Routing\\ControllerDispatcher->dispatch(Object(Illuminate\\Routing\\Route), Object(App\\Http\\Controllers\\AgentController), 'agentprofile')
#3 C:\\xampp7.4.3\\htdocs\\ODBUS\\odbusproviderbe\\vendor\\laravel\\framework\\src\\Illuminate\\Routing\\Route.php(205): Illuminate\\Routing\\Route->runController()
#4 C:\\xampp7.4.3\\htdocs\\ODBUS\\odbusproviderbe\\vendor\\laravel\\framework\\src\\Illuminate\\Routing\\Router.php(695): Illuminate\\Routing\\Route->run()
#5 C:\\xampp7.4.3\\htdocs\\ODBUS\\odbusproviderbe\\vendor\\laravel\\framework\\src\\Illuminate\\Pipeline\\Pipeline.php(128): Illuminate\\Routing\\Router->Illuminate\\Routing\\{closure}(Object(Illuminate\\Http\\Request))
#6 C:\\xampp7.4.3\\htdocs\\ODBUS\\odbusproviderbe\\vendor\\laravel\\framework\\src\\Illuminate\\Routing\\Middleware\\SubstituteBindings.php(50): Illuminate\\Pipeline\\Pipeline->Illuminate\\Pipeline\\{closure}(Object(Illuminate\\Http\\Request))
#7 C:\\xampp7.4.3\\htdocs\\ODBUS\\odbusproviderbe\\vendor\\laravel\\framework\\src\\Illuminate\\Pipeline\\Pipeline.php(167): Illuminate\\Routing\\Middleware\\SubstituteBindings->handle(Object(Illuminate\\Http\\Request), Object(Closure))
#8 C:\\xampp7.4.3\\htdocs\\ODBUS\\odbusproviderbe\\vendor\\laravel\\framework\\src\\Illuminate\\Routing\\Middleware\\ThrottleRequests.php(127): Illuminate\\Pipeline\\Pipeline->Illuminate\\Pipeline\\{closure}(Object(Illuminate\\Http\\Request))
#9 C:\\xampp7.4.3\\htdocs\\ODBUS\\odbusproviderbe\\vendor\\laravel\\framework\\src\\Illuminate\\Routing\\Middleware\\ThrottleRequests.php(103): Illuminate\\Routing\\Middleware\\ThrottleRequests->handleRequest(Object(Illuminate\\Http\\Request), Object(Closure), Array)
#10 C:\\xampp7.4.3\\htdocs\\ODBUS\\odbusproviderbe\\vendor\\laravel\\framework\\src\\Illuminate\\Routing\\Middleware\\ThrottleRequests.php(55): Illuminate\\Routing\\Middleware\\ThrottleRequests->handleRequestUsingNamedLimiter(Object(Illuminate\\Http\\Request), Object(Closure), 'api', Object(Closure))
#11 C:\\xampp7.4.3\\htdocs\\ODBUS\\odbusproviderbe\\vendor\\laravel\\framework\\src\\Illuminate\\Pipeline\\Pipeline.php(167): Illuminate\\Routing\\Middleware\\ThrottleRequests->handle(Object(Illuminate\\Http\\Request), Object(Closure), 'api')
#12 C:\\xampp7.4.3\\htdocs\\ODBUS\\odbusproviderbe\\vendor\\laravel\\framework\\src\\Illuminate\\Pipeline\\Pipeline.php(103): Illuminate\\Pipeline\\Pipeline->Illuminate\\Pipeline\\{closure}(Object(Illuminate\\Http\\Request))
#13 C:\\xampp7.4.3\\htdocs\\ODBUS\\odbusproviderbe\\vendor\\laravel\\framework\\src\\Illuminate\\Routing\\Router.php(697): Illuminate\\Pipeline\\Pipeline->then(Object(Closure))
#14 C:\\xampp7.4.3\\htdocs\\ODBUS\\odbusproviderbe\\vendor\\laravel\\framework\\src\\Illuminate\\Routing\\Router.php(672): Illuminate\\Routing\\Router->runRouteWithinStack(Object(Illuminate\\Routing\\Route), Object(Illuminate\\Http\\Request))
#15 C:\\xampp7.4.3\\htdocs\\ODBUS\\odbusproviderbe\\vendor\\laravel\\framework\\src\\Illuminate\\Routing\\Router.php(636): Illuminate\\Routing\\Router->runRoute(Object(Illuminate\\Http\\Request), Object(Illuminate\\Routing\\Route))
#16 C:\\xampp7.4.3\\htdocs\\ODBUS\\odbusproviderbe\\vendor\\laravel\\framework\\src\\Illuminate\\Routing\\Router.php(625): Illuminate\\Routing\\Router->dispatchToRoute(Object(Illuminate\\Http\\Request))
#17 C:\\xampp7.4.3\\htdocs\\ODBUS\\odbusproviderbe\\vendor\\laravel\\framework\\src\\Illuminate\\Foundation\\Http\\Kernel.php(167): Illuminate\\Routing\\Router->dispatch(Object(Illuminate\\Http\\Request))
#18 C:\\xampp7.4.3\\htdocs\\ODBUS\\odbusproviderbe\\vendor\\laravel\\framework\\src\\Illuminate\\Pipeline\\Pipeline.php(128): Illuminate\\Foundation\\Http\\Kernel->Illuminate\\Foundation\\Http\\{closure}(Object(Illuminate\\Http\\Request))
#19 C:\\xampp7.4.3\\htdocs\\ODBUS\\odbusproviderbe\\app\\Http\\Middleware\\Cors.php(22): Illuminate\\Pipeline\\Pipeline->Illuminate\\Pipeline\\{closure}(Object(Illuminate\\Http\\Request))
#20 C:\\xampp7.4.3\\htdocs\\ODBUS\\odbusproviderbe\\vendor\\laravel\\framework\\src\\Illuminate\\Pipeline\\Pipeline.php(167): App\\Http\\Middleware\\Cors->handle(Object(Illuminate\\Http\\Request), Object(Closure))
#21 C:\\xampp7.4.3\\htdocs\\ODBUS\\odbusproviderbe\\vendor\\laravel\\framework\\src\\Illuminate\\Foundation\\Http\\Middleware\\TransformsRequest.php(21): Illuminate\\Pipeline\\Pipeline->Illuminate\\Pipeline\\{closure}(Object(Illuminate\\Http\\Request))
#22 C:\\xampp7.4.3\\htdocs\\ODBUS\\odbusproviderbe\\vendor\\laravel\\framework\\src\\Illuminate\\Foundation\\Http\\Middleware\\ConvertEmptyStringsToNull.php(31): Illuminate\\Foundation\\Http\\Middleware\\TransformsRequest->handle(Object(Illuminate\\Http\\Request), Object(Closure))
#23 C:\\xampp7.4.3\\htdocs\\ODBUS\\odbusproviderbe\\vendor\\laravel\\framework\\src\\Illuminate\\Pipeline\\Pipeline.php(167): Illuminate\\Foundation\\Http\\Middleware\\ConvertEmptyStringsToNull->handle(Object(Illuminate\\Http\\Request), Object(Closure))
#24 C:\\xampp7.4.3\\htdocs\\ODBUS\\odbusproviderbe\\vendor\\laravel\\framework\\src\\Illuminate\\Foundation\\Http\\Middleware\\TransformsRequest.php(21): Illuminate\\Pipeline\\Pipeline->Illuminate\\Pipeline\\{closure}(Object(Illuminate\\Http\\Request))
#25 C:\\xampp7.4.3\\htdocs\\ODBUS\\odbusproviderbe\\vendor\\laravel\\framework\\src\\Illuminate\\Foundation\\Http\\Middleware\\TrimStrings.php(40): Illuminate\\Foundation\\Http\\Middleware\\TransformsRequest->handle(Object(Illuminate\\Http\\Request), Object(Closure))
#26 C:\\xampp7.4.3\\htdocs\\ODBUS\\odbusproviderbe\\vendor\\laravel\\framework\\src\\Illuminate\\Pipeline\\Pipeline.php(167): Illuminate\\Foundation\\Http\\Middleware\\TrimStrings->handle(Object(Illuminate\\Http\\Request), Object(Closure))
#27 C:\\xampp7.4.3\\htdocs\\ODBUS\\odbusproviderbe\\vendor\\laravel\\framework\\src\\Illuminate\\Foundation\\Http\\Middleware\\ValidatePostSize.php(27): Illuminate\\Pipeline\\Pipeline->Illuminate\\Pipeline\\{closure}(Object(Illuminate\\Http\\Request))
#28 C:\\xampp7.4.3\\htdocs\\ODBUS\\odbusproviderbe\\vendor\\laravel\\framework\\src\\Illuminate\\Pipeline\\Pipeline.php(167): Illuminate\\Foundation\\Http\\Middleware\\ValidatePostSize->handle(Object(Illuminate\\Http\\Request), Object(Closure))
#29 C:\\xampp7.4.3\\htdocs\\ODBUS\\odbusproviderbe\\vendor\\laravel\\framework\\src\\Illuminate\\Foundation\\Http\\Middleware\\PreventRequestsDuringMaintenance.php(86): Illuminate\\Pipeline\\Pipeline->Illuminate\\Pipeline\\{closure}(Object(Illuminate\\Http\\Request))
#30 C:\\xampp7.4.3\\htdocs\\ODBUS\\odbusproviderbe\\vendor\\laravel\\framework\\src\\Illuminate\\Pipeline\\Pipeline.php(167): Illuminate\\Foundation\\Http\\Middleware\\PreventRequestsDuringMaintenance->handle(Object(Illuminate\\Http\\Request), Object(Closure))
#31 C:\\xampp7.4.3\\htdocs\\ODBUS\\odbusproviderbe\\vendor\\fideloper\\proxy\\src\\TrustProxies.php(57): Illuminate\\Pipeline\\Pipeline->Illuminate\\Pipeline\\{closure}(Object(Illuminate\\Http\\Request))
#32 C:\\xampp7.4.3\\htdocs\\ODBUS\\odbusproviderbe\\vendor\\laravel\\framework\\src\\Illuminate\\Pipeline\\Pipeline.php(167): Fideloper\\Proxy\\TrustProxies->handle(Object(Illuminate\\Http\\Request), Object(Closure))
#33 C:\\xampp7.4.3\\htdocs\\ODBUS\\odbusproviderbe\\vendor\\laravel\\framework\\src\\Illuminate\\Pipeline\\Pipeline.php(103): Illuminate\\Pipeline\\Pipeline->Illuminate\\Pipeline\\{closure}(Object(Illuminate\\Http\\Request))
#34 C:\\xampp7.4.3\\htdocs\\ODBUS\\odbusproviderbe\\vendor\\laravel\\framework\\src\\Illuminate\\Foundation\\Http\\Kernel.php(142): Illuminate\\Pipeline\\Pipeline->then(Object(Closure))
#35 C:\\xampp7.4.3\\htdocs\\ODBUS\\odbusproviderbe\\vendor\\laravel\\framework\\src\\Illuminate\\Foundation\\Http\\Kernel.php(111): Illuminate\\Foundation\\Http\\Kernel->sendRequestThroughRouter(Object(Illuminate\\Http\\Request))
#36 C:\\xampp7.4.3\\htdocs\\ODBUS\\odbusproviderbe\\index.php(52): Illuminate\\Foundation\\Http\\Kernel->handle(Object(Illuminate\\Http\\Request))
#37 {main}
"} 
[2025-11-12 12:53:10] local.ERROR: Call to undefined method App\Services\AgentService::agentprofile() {"exception":"[object] (Error(code: 0): Call to undefined method App\\Services\\AgentService::agentprofile() at C:\\xampp7.4.3\\htdocs\\ODBUS\\odbusproviderbe\\app\\Http\\Controllers\\AgentController.php:34)
[stacktrace]
#0 C:\\xampp7.4.3\\htdocs\\ODBUS\\odbusproviderbe\\vendor\\laravel\\framework\\src\\Illuminate\\Routing\\Controller.php(54): App\\Http\\Controllers\\AgentController->agentprofile(Object(Illuminate\\Http\\Request))
#1 C:\\xampp7.4.3\\htdocs\\ODBUS\\odbusproviderbe\\vendor\\laravel\\framework\\src\\Illuminate\\Routing\\ControllerDispatcher.php(45): Illuminate\\Routing\\Controller->callAction('agentprofile', Array)
#2 C:\\xampp7.4.3\\htdocs\\ODBUS\\odbusproviderbe\\vendor\\laravel\\framework\\src\\Illuminate\\Routing\\Route.php(262): Illuminate\\Routing\\ControllerDispatcher->dispatch(Object(Illuminate\\Routing\\Route), Object(App\\Http\\Controllers\\AgentController), 'agentprofile')
#3 C:\\xampp7.4.3\\htdocs\\ODBUS\\odbusproviderbe\\vendor\\laravel\\framework\\src\\Illuminate\\Routing\\Route.php(205): Illuminate\\Routing\\Route->runController()
#4 C:\\xampp7.4.3\\htdocs\\ODBUS\\odbusproviderbe\\vendor\\laravel\\framework\\src\\Illuminate\\Routing\\Router.php(695): Illuminate\\Routing\\Route->run()
#5 C:\\xampp7.4.3\\htdocs\\ODBUS\\odbusproviderbe\\vendor\\laravel\\framework\\src\\Illuminate\\Pipeline\\Pipeline.php(128): Illuminate\\Routing\\Router->Illuminate\\Routing\\{closure}(Object(Illuminate\\Http\\Request))
#6 C:\\xampp7.4.3\\htdocs\\ODBUS\\odbusproviderbe\\vendor\\laravel\\framework\\src\\Illuminate\\Routing\\Middleware\\SubstituteBindings.php(50): Illuminate\\Pipeline\\Pipeline->Illuminate\\Pipeline\\{closure}(Object(Illuminate\\Http\\Request))
#7 C:\\xampp7.4.3\\htdocs\\ODBUS\\odbusproviderbe\\vendor\\laravel\\framework\\src\\Illuminate\\Pipeline\\Pipeline.php(167): Illuminate\\Routing\\Middleware\\SubstituteBindings->handle(Object(Illuminate\\Http\\Request), Object(Closure))
#8 C:\\xampp7.4.3\\htdocs\\ODBUS\\odbusproviderbe\\vendor\\laravel\\framework\\src\\Illuminate\\Routing\\Middleware\\ThrottleRequests.php(127): Illuminate\\Pipeline\\Pipeline->Illuminate\\Pipeline\\{closure}(Object(Illuminate\\Http\\Request))
#9 C:\\xampp7.4.3\\htdocs\\ODBUS\\odbusproviderbe\\vendor\\laravel\\framework\\src\\Illuminate\\Routing\\Middleware\\ThrottleRequests.php(103): Illuminate\\Routing\\Middleware\\ThrottleRequests->handleRequest(Object(Illuminate\\Http\\Request), Object(Closure), Array)
#10 C:\\xampp7.4.3\\htdocs\\ODBUS\\odbusproviderbe\\vendor\\laravel\\framework\\src\\Illuminate\\Routing\\Middleware\\ThrottleRequests.php(55): Illuminate\\Routing\\Middleware\\ThrottleRequests->handleRequestUsingNamedLimiter(Object(Illuminate\\Http\\Request), Object(Closure), 'api', Object(Closure))
#11 C:\\xampp7.4.3\\htdocs\\ODBUS\\odbusproviderbe\\vendor\\laravel\\framework\\src\\Illuminate\\Pipeline\\Pipeline.php(167): Illuminate\\Routing\\Middleware\\ThrottleRequests->handle(Object(Illuminate\\Http\\Request), Object(Closure), 'api')
#12 C:\\xampp7.4.3\\htdocs\\ODBUS\\odbusproviderbe\\vendor\\laravel\\framework\\src\\Illuminate\\Pipeline\\Pipeline.php(103): Illuminate\\Pipeline\\Pipeline->Illuminate\\Pipeline\\{closure}(Object(Illuminate\\Http\\Request))
#13 C:\\xampp7.4.3\\htdocs\\ODBUS\\odbusproviderbe\\vendor\\laravel\\framework\\src\\Illuminate\\Routing\\Router.php(697): Illuminate\\Pipeline\\Pipeline->then(Object(Closure))
#14 C:\\xampp7.4.3\\htdocs\\ODBUS\\odbusproviderbe\\vendor\\laravel\\framework\\src\\Illuminate\\Routing\\Router.php(672): Illuminate\\Routing\\Router->runRouteWithinStack(Object(Illuminate\\Routing\\Route), Object(Illuminate\\Http\\Request))
#15 C:\\xampp7.4.3\\htdocs\\ODBUS\\odbusproviderbe\\vendor\\laravel\\framework\\src\\Illuminate\\Routing\\Router.php(636): Illuminate\\Routing\\Router->runRoute(Object(Illuminate\\Http\\Request), Object(Illuminate\\Routing\\Route))
#16 C:\\xampp7.4.3\\htdocs\\ODBUS\\odbusproviderbe\\vendor\\laravel\\framework\\src\\Illuminate\\Routing\\Router.php(625): Illuminate\\Routing\\Router->dispatchToRoute(Object(Illuminate\\Http\\Request))
#17 C:\\xampp7.4.3\\htdocs\\ODBUS\\odbusproviderbe\\vendor\\laravel\\framework\\src\\Illuminate\\Foundation\\Http\\Kernel.php(167): Illuminate\\Routing\\Router->dispatch(Object(Illuminate\\Http\\Request))
#18 C:\\xampp7.4.3\\htdocs\\ODBUS\\odbusproviderbe\\vendor\\laravel\\framework\\src\\Illuminate\\Pipeline\\Pipeline.php(128): Illuminate\\Foundation\\Http\\Kernel->Illuminate\\Foundation\\Http\\{closure}(Object(Illuminate\\Http\\Request))
#19 C:\\xampp7.4.3\\htdocs\\ODBUS\\odbusproviderbe\\app\\Http\\Middleware\\Cors.php(22): Illuminate\\Pipeline\\Pipeline->Illuminate\\Pipeline\\{closure}(Object(Illuminate\\Http\\Request))
#20 C:\\xampp7.4.3\\htdocs\\ODBUS\\odbusproviderbe\\vendor\\laravel\\framework\\src\\Illuminate\\Pipeline\\Pipeline.php(167): App\\Http\\Middleware\\Cors->handle(Object(Illuminate\\Http\\Request), Object(Closure))
#21 C:\\xampp7.4.3\\htdocs\\ODBUS\\odbusproviderbe\\vendor\\laravel\\framework\\src\\Illuminate\\Foundation\\Http\\Middleware\\TransformsRequest.php(21): Illuminate\\Pipeline\\Pipeline->Illuminate\\Pipeline\\{closure}(Object(Illuminate\\Http\\Request))
#22 C:\\xampp7.4.3\\htdocs\\ODBUS\\odbusproviderbe\\vendor\\laravel\\framework\\src\\Illuminate\\Foundation\\Http\\Middleware\\ConvertEmptyStringsToNull.php(31): Illuminate\\Foundation\\Http\\Middleware\\TransformsRequest->handle(Object(Illuminate\\Http\\Request), Object(Closure))
#23 C:\\xampp7.4.3\\htdocs\\ODBUS\\odbusproviderbe\\vendor\\laravel\\framework\\src\\Illuminate\\Pipeline\\Pipeline.php(167): Illuminate\\Foundation\\Http\\Middleware\\ConvertEmptyStringsToNull->handle(Object(Illuminate\\Http\\Request), Object(Closure))
#24 C:\\xampp7.4.3\\htdocs\\ODBUS\\odbusproviderbe\\vendor\\laravel\\framework\\src\\Illuminate\\Foundation\\Http\\Middleware\\TransformsRequest.php(21): Illuminate\\Pipeline\\Pipeline->Illuminate\\Pipeline\\{closure}(Object(Illuminate\\Http\\Request))
#25 C:\\xampp7.4.3\\htdocs\\ODBUS\\odbusproviderbe\\vendor\\laravel\\framework\\src\\Illuminate\\Foundation\\Http\\Middleware\\TrimStrings.php(40): Illuminate\\Foundation\\Http\\Middleware\\TransformsRequest->handle(Object(Illuminate\\Http\\Request), Object(Closure))
#26 C:\\xampp7.4.3\\htdocs\\ODBUS\\odbusproviderbe\\vendor\\laravel\\framework\\src\\Illuminate\\Pipeline\\Pipeline.php(167): Illuminate\\Foundation\\Http\\Middleware\\TrimStrings->handle(Object(Illuminate\\Http\\Request), Object(Closure))
#27 C:\\xampp7.4.3\\htdocs\\ODBUS\\odbusproviderbe\\vendor\\laravel\\framework\\src\\Illuminate\\Foundation\\Http\\Middleware\\ValidatePostSize.php(27): Illuminate\\Pipeline\\Pipeline->Illuminate\\Pipeline\\{closure}(Object(Illuminate\\Http\\Request))
#28 C:\\xampp7.4.3\\htdocs\\ODBUS\\odbusproviderbe\\vendor\\laravel\\framework\\src\\Illuminate\\Pipeline\\Pipeline.php(167): Illuminate\\Foundation\\Http\\Middleware\\ValidatePostSize->handle(Object(Illuminate\\Http\\Request), Object(Closure))
#29 C:\\xampp7.4.3\\htdocs\\ODBUS\\odbusproviderbe\\vendor\\laravel\\framework\\src\\Illuminate\\Foundation\\Http\\Middleware\\PreventRequestsDuringMaintenance.php(86): Illuminate\\Pipeline\\Pipeline->Illuminate\\Pipeline\\{closure}(Object(Illuminate\\Http\\Request))
#30 C:\\xampp7.4.3\\htdocs\\ODBUS\\odbusproviderbe\\vendor\\laravel\\framework\\src\\Illuminate\\Pipeline\\Pipeline.php(167): Illuminate\\Foundation\\Http\\Middleware\\PreventRequestsDuringMaintenance->handle(Object(Illuminate\\Http\\Request), Object(Closure))
#31 C:\\xampp7.4.3\\htdocs\\ODBUS\\odbusproviderbe\\vendor\\fideloper\\proxy\\src\\TrustProxies.php(57): Illuminate\\Pipeline\\Pipeline->Illuminate\\Pipeline\\{closure}(Object(Illuminate\\Http\\Request))
#32 C:\\xampp7.4.3\\htdocs\\ODBUS\\odbusproviderbe\\vendor\\laravel\\framework\\src\\Illuminate\\Pipeline\\Pipeline.php(167): Fideloper\\Proxy\\TrustProxies->handle(Object(Illuminate\\Http\\Request), Object(Closure))
#33 C:\\xampp7.4.3\\htdocs\\ODBUS\\odbusproviderbe\\vendor\\laravel\\framework\\src\\Illuminate\\Pipeline\\Pipeline.php(103): Illuminate\\Pipeline\\Pipeline->Illuminate\\Pipeline\\{closure}(Object(Illuminate\\Http\\Request))
#34 C:\\xampp7.4.3\\htdocs\\ODBUS\\odbusproviderbe\\vendor\\laravel\\framework\\src\\Illuminate\\Foundation\\Http\\Kernel.php(142): Illuminate\\Pipeline\\Pipeline->then(Object(Closure))
#35 C:\\xampp7.4.3\\htdocs\\ODBUS\\odbusproviderbe\\vendor\\laravel\\framework\\src\\Illuminate\\Foundation\\Http\\Kernel.php(111): Illuminate\\Foundation\\Http\\Kernel->sendRequestThroughRouter(Object(Illuminate\\Http\\Request))
#36 C:\\xampp7.4.3\\htdocs\\ODBUS\\odbusproviderbe\\index.php(52): Illuminate\\Foundation\\Http\\Kernel->handle(Object(Illuminate\\Http\\Request))
#37 {main}
"} 
[2025-11-12 13:09:34] local.ERROR: Call to undefined method App\Repositories\AgentRepository::agentprofil() {"exception":"[object] (Error(code: 0): Call to undefined method App\\Repositories\\AgentRepository::agentprofil() at C:\\xampp7.4.3\\htdocs\\ODBUS\\odbusproviderbe\\app\\Http\\Controllers\\AgentController.php:34)
[stacktrace]
#0 C:\\xampp7.4.3\\htdocs\\ODBUS\\odbusproviderbe\\vendor\\laravel\\framework\\src\\Illuminate\\Routing\\Controller.php(54): App\\Http\\Controllers\\AgentController->agentprofile(Object(Illuminate\\Http\\Request))
#1 C:\\xampp7.4.3\\htdocs\\ODBUS\\odbusproviderbe\\vendor\\laravel\\framework\\src\\Illuminate\\Routing\\ControllerDispatcher.php(45): Illuminate\\Routing\\Controller->callAction('agentprofile', Array)
#2 C:\\xampp7.4.3\\htdocs\\ODBUS\\odbusproviderbe\\vendor\\laravel\\framework\\src\\Illuminate\\Routing\\Route.php(262): Illuminate\\Routing\\ControllerDispatcher->dispatch(Object(Illuminate\\Routing\\Route), Object(App\\Http\\Controllers\\AgentController), 'agentprofile')
#3 C:\\xampp7.4.3\\htdocs\\ODBUS\\odbusproviderbe\\vendor\\laravel\\framework\\src\\Illuminate\\Routing\\Route.php(205): Illuminate\\Routing\\Route->runController()
#4 C:\\xampp7.4.3\\htdocs\\ODBUS\\odbusproviderbe\\vendor\\laravel\\framework\\src\\Illuminate\\Routing\\Router.php(695): Illuminate\\Routing\\Route->run()
#5 C:\\xampp7.4.3\\htdocs\\ODBUS\\odbusproviderbe\\vendor\\laravel\\framework\\src\\Illuminate\\Pipeline\\Pipeline.php(128): Illuminate\\Routing\\Router->Illuminate\\Routing\\{closure}(Object(Illuminate\\Http\\Request))
#6 C:\\xampp7.4.3\\htdocs\\ODBUS\\odbusproviderbe\\vendor\\laravel\\framework\\src\\Illuminate\\Routing\\Middleware\\SubstituteBindings.php(50): Illuminate\\Pipeline\\Pipeline->Illuminate\\Pipeline\\{closure}(Object(Illuminate\\Http\\Request))
#7 C:\\xampp7.4.3\\htdocs\\ODBUS\\odbusproviderbe\\vendor\\laravel\\framework\\src\\Illuminate\\Pipeline\\Pipeline.php(167): Illuminate\\Routing\\Middleware\\SubstituteBindings->handle(Object(Illuminate\\Http\\Request), Object(Closure))
#8 C:\\xampp7.4.3\\htdocs\\ODBUS\\odbusproviderbe\\vendor\\laravel\\framework\\src\\Illuminate\\Routing\\Middleware\\ThrottleRequests.php(127): Illuminate\\Pipeline\\Pipeline->Illuminate\\Pipeline\\{closure}(Object(Illuminate\\Http\\Request))
#9 C:\\xampp7.4.3\\htdocs\\ODBUS\\odbusproviderbe\\vendor\\laravel\\framework\\src\\Illuminate\\Routing\\Middleware\\ThrottleRequests.php(103): Illuminate\\Routing\\Middleware\\ThrottleRequests->handleRequest(Object(Illuminate\\Http\\Request), Object(Closure), Array)
#10 C:\\xampp7.4.3\\htdocs\\ODBUS\\odbusproviderbe\\vendor\\laravel\\framework\\src\\Illuminate\\Routing\\Middleware\\ThrottleRequests.php(55): Illuminate\\Routing\\Middleware\\ThrottleRequests->handleRequestUsingNamedLimiter(Object(Illuminate\\Http\\Request), Object(Closure), 'api', Object(Closure))
#11 C:\\xampp7.4.3\\htdocs\\ODBUS\\odbusproviderbe\\vendor\\laravel\\framework\\src\\Illuminate\\Pipeline\\Pipeline.php(167): Illuminate\\Routing\\Middleware\\ThrottleRequests->handle(Object(Illuminate\\Http\\Request), Object(Closure), 'api')
#12 C:\\xampp7.4.3\\htdocs\\ODBUS\\odbusproviderbe\\vendor\\laravel\\framework\\src\\Illuminate\\Pipeline\\Pipeline.php(103): Illuminate\\Pipeline\\Pipeline->Illuminate\\Pipeline\\{closure}(Object(Illuminate\\Http\\Request))
#13 C:\\xampp7.4.3\\htdocs\\ODBUS\\odbusproviderbe\\vendor\\laravel\\framework\\src\\Illuminate\\Routing\\Router.php(697): Illuminate\\Pipeline\\Pipeline->then(Object(Closure))
#14 C:\\xampp7.4.3\\htdocs\\ODBUS\\odbusproviderbe\\vendor\\laravel\\framework\\src\\Illuminate\\Routing\\Router.php(672): Illuminate\\Routing\\Router->runRouteWithinStack(Object(Illuminate\\Routing\\Route), Object(Illuminate\\Http\\Request))
#15 C:\\xampp7.4.3\\htdocs\\ODBUS\\odbusproviderbe\\vendor\\laravel\\framework\\src\\Illuminate\\Routing\\Router.php(636): Illuminate\\Routing\\Router->runRoute(Object(Illuminate\\Http\\Request), Object(Illuminate\\Routing\\Route))
#16 C:\\xampp7.4.3\\htdocs\\ODBUS\\odbusproviderbe\\vendor\\laravel\\framework\\src\\Illuminate\\Routing\\Router.php(625): Illuminate\\Routing\\Router->dispatchToRoute(Object(Illuminate\\Http\\Request))
#17 C:\\xampp7.4.3\\htdocs\\ODBUS\\odbusproviderbe\\vendor\\laravel\\framework\\src\\Illuminate\\Foundation\\Http\\Kernel.php(167): Illuminate\\Routing\\Router->dispatch(Object(Illuminate\\Http\\Request))
#18 C:\\xampp7.4.3\\htdocs\\ODBUS\\odbusproviderbe\\vendor\\laravel\\framework\\src\\Illuminate\\Pipeline\\Pipeline.php(128): Illuminate\\Foundation\\Http\\Kernel->Illuminate\\Foundation\\Http\\{closure}(Object(Illuminate\\Http\\Request))
#19 C:\\xampp7.4.3\\htdocs\\ODBUS\\odbusproviderbe\\app\\Http\\Middleware\\Cors.php(22): Illuminate\\Pipeline\\Pipeline->Illuminate\\Pipeline\\{closure}(Object(Illuminate\\Http\\Request))
#20 C:\\xampp7.4.3\\htdocs\\ODBUS\\odbusproviderbe\\vendor\\laravel\\framework\\src\\Illuminate\\Pipeline\\Pipeline.php(167): App\\Http\\Middleware\\Cors->handle(Object(Illuminate\\Http\\Request), Object(Closure))
#21 C:\\xampp7.4.3\\htdocs\\ODBUS\\odbusproviderbe\\vendor\\laravel\\framework\\src\\Illuminate\\Foundation\\Http\\Middleware\\TransformsRequest.php(21): Illuminate\\Pipeline\\Pipeline->Illuminate\\Pipeline\\{closure}(Object(Illuminate\\Http\\Request))
#22 C:\\xampp7.4.3\\htdocs\\ODBUS\\odbusproviderbe\\vendor\\laravel\\framework\\src\\Illuminate\\Foundation\\Http\\Middleware\\ConvertEmptyStringsToNull.php(31): Illuminate\\Foundation\\Http\\Middleware\\TransformsRequest->handle(Object(Illuminate\\Http\\Request), Object(Closure))
#23 C:\\xampp7.4.3\\htdocs\\ODBUS\\odbusproviderbe\\vendor\\laravel\\framework\\src\\Illuminate\\Pipeline\\Pipeline.php(167): Illuminate\\Foundation\\Http\\Middleware\\ConvertEmptyStringsToNull->handle(Object(Illuminate\\Http\\Request), Object(Closure))
#24 C:\\xampp7.4.3\\htdocs\\ODBUS\\odbusproviderbe\\vendor\\laravel\\framework\\src\\Illuminate\\Foundation\\Http\\Middleware\\TransformsRequest.php(21): Illuminate\\Pipeline\\Pipeline->Illuminate\\Pipeline\\{closure}(Object(Illuminate\\Http\\Request))
#25 C:\\xampp7.4.3\\htdocs\\ODBUS\\odbusproviderbe\\vendor\\laravel\\framework\\src\\Illuminate\\Foundation\\Http\\Middleware\\TrimStrings.php(40): Illuminate\\Foundation\\Http\\Middleware\\TransformsRequest->handle(Object(Illuminate\\Http\\Request), Object(Closure))
#26 C:\\xampp7.4.3\\htdocs\\ODBUS\\odbusproviderbe\\vendor\\laravel\\framework\\src\\Illuminate\\Pipeline\\Pipeline.php(167): Illuminate\\Foundation\\Http\\Middleware\\TrimStrings->handle(Object(Illuminate\\Http\\Request), Object(Closure))
#27 C:\\xampp7.4.3\\htdocs\\ODBUS\\odbusproviderbe\\vendor\\laravel\\framework\\src\\Illuminate\\Foundation\\Http\\Middleware\\ValidatePostSize.php(27): Illuminate\\Pipeline\\Pipeline->Illuminate\\Pipeline\\{closure}(Object(Illuminate\\Http\\Request))
#28 C:\\xampp7.4.3\\htdocs\\ODBUS\\odbusproviderbe\\vendor\\laravel\\framework\\src\\Illuminate\\Pipeline\\Pipeline.php(167): Illuminate\\Foundation\\Http\\Middleware\\ValidatePostSize->handle(Object(Illuminate\\Http\\Request), Object(Closure))
#29 C:\\xampp7.4.3\\htdocs\\ODBUS\\odbusproviderbe\\vendor\\laravel\\framework\\src\\Illuminate\\Foundation\\Http\\Middleware\\PreventRequestsDuringMaintenance.php(86): Illuminate\\Pipeline\\Pipeline->Illuminate\\Pipeline\\{closure}(Object(Illuminate\\Http\\Request))
#30 C:\\xampp7.4.3\\htdocs\\ODBUS\\odbusproviderbe\\vendor\\laravel\\framework\\src\\Illuminate\\Pipeline\\Pipeline.php(167): Illuminate\\Foundation\\Http\\Middleware\\PreventRequestsDuringMaintenance->handle(Object(Illuminate\\Http\\Request), Object(Closure))
#31 C:\\xampp7.4.3\\htdocs\\ODBUS\\odbusproviderbe\\vendor\\fideloper\\proxy\\src\\TrustProxies.php(57): Illuminate\\Pipeline\\Pipeline->Illuminate\\Pipeline\\{closure}(Object(Illuminate\\Http\\Request))
#32 C:\\xampp7.4.3\\htdocs\\ODBUS\\odbusproviderbe\\vendor\\laravel\\framework\\src\\Illuminate\\Pipeline\\Pipeline.php(167): Fideloper\\Proxy\\TrustProxies->handle(Object(Illuminate\\Http\\Request), Object(Closure))
#33 C:\\xampp7.4.3\\htdocs\\ODBUS\\odbusproviderbe\\vendor\\laravel\\framework\\src\\Illuminate\\Pipeline\\Pipeline.php(103): Illuminate\\Pipeline\\Pipeline->Illuminate\\Pipeline\\{closure}(Object(Illuminate\\Http\\Request))
#34 C:\\xampp7.4.3\\htdocs\\ODBUS\\odbusproviderbe\\vendor\\laravel\\framework\\src\\Illuminate\\Foundation\\Http\\Kernel.php(142): Illuminate\\Pipeline\\Pipeline->then(Object(Closure))
#35 C:\\xampp7.4.3\\htdocs\\ODBUS\\odbusproviderbe\\vendor\\laravel\\framework\\src\\Illuminate\\Foundation\\Http\\Kernel.php(111): Illuminate\\Foundation\\Http\\Kernel->sendRequestThroughRouter(Object(Illuminate\\Http\\Request))
#36 C:\\xampp7.4.3\\htdocs\\ODBUS\\odbusproviderbe\\index.php(52): Illuminate\\Foundation\\Http\\Kernel->handle(Object(Illuminate\\Http\\Request))
#37 {main}
"} 
[2025-11-12 14:39:31] local.ERROR: Call to undefined method App\Services\AssociationService::getAllAgent() {"exception":"[object] (Error(code: 0): Call to undefined method App\\Services\\AssociationService::getAllAgent() at C:\\xampp7.4.3\\htdocs\\ODBUS\\odbusproviderbe\\app\\Http\\Controllers\\AssociationController.php:47)
[stacktrace]
#0 C:\\xampp7.4.3\\htdocs\\ODBUS\\odbusproviderbe\\vendor\\laravel\\framework\\src\\Illuminate\\Routing\\Controller.php(54): App\\Http\\Controllers\\AssociationController->getAllAgent()
#1 C:\\xampp7.4.3\\htdocs\\ODBUS\\odbusproviderbe\\vendor\\laravel\\framework\\src\\Illuminate\\Routing\\ControllerDispatcher.php(45): Illuminate\\Routing\\Controller->callAction('getAllAgent', Array)
#2 C:\\xampp7.4.3\\htdocs\\ODBUS\\odbusproviderbe\\vendor\\laravel\\framework\\src\\Illuminate\\Routing\\Route.php(262): Illuminate\\Routing\\ControllerDispatcher->dispatch(Object(Illuminate\\Routing\\Route), Object(App\\Http\\Controllers\\AssociationController), 'getAllAgent')
#3 C:\\xampp7.4.3\\htdocs\\ODBUS\\odbusproviderbe\\vendor\\laravel\\framework\\src\\Illuminate\\Routing\\Route.php(205): Illuminate\\Routing\\Route->runController()
#4 C:\\xampp7.4.3\\htdocs\\ODBUS\\odbusproviderbe\\vendor\\laravel\\framework\\src\\Illuminate\\Routing\\Router.php(695): Illuminate\\Routing\\Route->run()
#5 C:\\xampp7.4.3\\htdocs\\ODBUS\\odbusproviderbe\\vendor\\laravel\\framework\\src\\Illuminate\\Pipeline\\Pipeline.php(128): Illuminate\\Routing\\Router->Illuminate\\Routing\\{closure}(Object(Illuminate\\Http\\Request))
#6 C:\\xampp7.4.3\\htdocs\\ODBUS\\odbusproviderbe\\vendor\\laravel\\framework\\src\\Illuminate\\Routing\\Middleware\\SubstituteBindings.php(50): Illuminate\\Pipeline\\Pipeline->Illuminate\\Pipeline\\{closure}(Object(Illuminate\\Http\\Request))
#7 C:\\xampp7.4.3\\htdocs\\ODBUS\\odbusproviderbe\\vendor\\laravel\\framework\\src\\Illuminate\\Pipeline\\Pipeline.php(167): Illuminate\\Routing\\Middleware\\SubstituteBindings->handle(Object(Illuminate\\Http\\Request), Object(Closure))
#8 C:\\xampp7.4.3\\htdocs\\ODBUS\\odbusproviderbe\\vendor\\laravel\\framework\\src\\Illuminate\\Routing\\Middleware\\ThrottleRequests.php(127): Illuminate\\Pipeline\\Pipeline->Illuminate\\Pipeline\\{closure}(Object(Illuminate\\Http\\Request))
#9 C:\\xampp7.4.3\\htdocs\\ODBUS\\odbusproviderbe\\vendor\\laravel\\framework\\src\\Illuminate\\Routing\\Middleware\\ThrottleRequests.php(103): Illuminate\\Routing\\Middleware\\ThrottleRequests->handleRequest(Object(Illuminate\\Http\\Request), Object(Closure), Array)
#10 C:\\xampp7.4.3\\htdocs\\ODBUS\\odbusproviderbe\\vendor\\laravel\\framework\\src\\Illuminate\\Routing\\Middleware\\ThrottleRequests.php(55): Illuminate\\Routing\\Middleware\\ThrottleRequests->handleRequestUsingNamedLimiter(Object(Illuminate\\Http\\Request), Object(Closure), 'api', Object(Closure))
#11 C:\\xampp7.4.3\\htdocs\\ODBUS\\odbusproviderbe\\vendor\\laravel\\framework\\src\\Illuminate\\Pipeline\\Pipeline.php(167): Illuminate\\Routing\\Middleware\\ThrottleRequests->handle(Object(Illuminate\\Http\\Request), Object(Closure), 'api')
#12 C:\\xampp7.4.3\\htdocs\\ODBUS\\odbusproviderbe\\vendor\\laravel\\framework\\src\\Illuminate\\Pipeline\\Pipeline.php(103): Illuminate\\Pipeline\\Pipeline->Illuminate\\Pipeline\\{closure}(Object(Illuminate\\Http\\Request))
#13 C:\\xampp7.4.3\\htdocs\\ODBUS\\odbusproviderbe\\vendor\\laravel\\framework\\src\\Illuminate\\Routing\\Router.php(697): Illuminate\\Pipeline\\Pipeline->then(Object(Closure))
#14 C:\\xampp7.4.3\\htdocs\\ODBUS\\odbusproviderbe\\vendor\\laravel\\framework\\src\\Illuminate\\Routing\\Router.php(672): Illuminate\\Routing\\Router->runRouteWithinStack(Object(Illuminate\\Routing\\Route), Object(Illuminate\\Http\\Request))
#15 C:\\xampp7.4.3\\htdocs\\ODBUS\\odbusproviderbe\\vendor\\laravel\\framework\\src\\Illuminate\\Routing\\Router.php(636): Illuminate\\Routing\\Router->runRoute(Object(Illuminate\\Http\\Request), Object(Illuminate\\Routing\\Route))
#16 C:\\xampp7.4.3\\htdocs\\ODBUS\\odbusproviderbe\\vendor\\laravel\\framework\\src\\Illuminate\\Routing\\Router.php(625): Illuminate\\Routing\\Router->dispatchToRoute(Object(Illuminate\\Http\\Request))
#17 C:\\xampp7.4.3\\htdocs\\ODBUS\\odbusproviderbe\\vendor\\laravel\\framework\\src\\Illuminate\\Foundation\\Http\\Kernel.php(167): Illuminate\\Routing\\Router->dispatch(Object(Illuminate\\Http\\Request))
#18 C:\\xampp7.4.3\\htdocs\\ODBUS\\odbusproviderbe\\vendor\\laravel\\framework\\src\\Illuminate\\Pipeline\\Pipeline.php(128): Illuminate\\Foundation\\Http\\Kernel->Illuminate\\Foundation\\Http\\{closure}(Object(Illuminate\\Http\\Request))
#19 C:\\xampp7.4.3\\htdocs\\ODBUS\\odbusproviderbe\\app\\Http\\Middleware\\Cors.php(22): Illuminate\\Pipeline\\Pipeline->Illuminate\\Pipeline\\{closure}(Object(Illuminate\\Http\\Request))
#20 C:\\xampp7.4.3\\htdocs\\ODBUS\\odbusproviderbe\\vendor\\laravel\\framework\\src\\Illuminate\\Pipeline\\Pipeline.php(167): App\\Http\\Middleware\\Cors->handle(Object(Illuminate\\Http\\Request), Object(Closure))
#21 C:\\xampp7.4.3\\htdocs\\ODBUS\\odbusproviderbe\\vendor\\laravel\\framework\\src\\Illuminate\\Foundation\\Http\\Middleware\\TransformsRequest.php(21): Illuminate\\Pipeline\\Pipeline->Illuminate\\Pipeline\\{closure}(Object(Illuminate\\Http\\Request))
#22 C:\\xampp7.4.3\\htdocs\\ODBUS\\odbusproviderbe\\vendor\\laravel\\framework\\src\\Illuminate\\Foundation\\Http\\Middleware\\ConvertEmptyStringsToNull.php(31): Illuminate\\Foundation\\Http\\Middleware\\TransformsRequest->handle(Object(Illuminate\\Http\\Request), Object(Closure))
#23 C:\\xampp7.4.3\\htdocs\\ODBUS\\odbusproviderbe\\vendor\\laravel\\framework\\src\\Illuminate\\Pipeline\\Pipeline.php(167): Illuminate\\Foundation\\Http\\Middleware\\ConvertEmptyStringsToNull->handle(Object(Illuminate\\Http\\Request), Object(Closure))
#24 C:\\xampp7.4.3\\htdocs\\ODBUS\\odbusproviderbe\\vendor\\laravel\\framework\\src\\Illuminate\\Foundation\\Http\\Middleware\\TransformsRequest.php(21): Illuminate\\Pipeline\\Pipeline->Illuminate\\Pipeline\\{closure}(Object(Illuminate\\Http\\Request))
#25 C:\\xampp7.4.3\\htdocs\\ODBUS\\odbusproviderbe\\vendor\\laravel\\framework\\src\\Illuminate\\Foundation\\Http\\Middleware\\TrimStrings.php(40): Illuminate\\Foundation\\Http\\Middleware\\TransformsRequest->handle(Object(Illuminate\\Http\\Request), Object(Closure))
#26 C:\\xampp7.4.3\\htdocs\\ODBUS\\odbusproviderbe\\vendor\\laravel\\framework\\src\\Illuminate\\Pipeline\\Pipeline.php(167): Illuminate\\Foundation\\Http\\Middleware\\TrimStrings->handle(Object(Illuminate\\Http\\Request), Object(Closure))
#27 C:\\xampp7.4.3\\htdocs\\ODBUS\\odbusproviderbe\\vendor\\laravel\\framework\\src\\Illuminate\\Foundation\\Http\\Middleware\\ValidatePostSize.php(27): Illuminate\\Pipeline\\Pipeline->Illuminate\\Pipeline\\{closure}(Object(Illuminate\\Http\\Request))
#28 C:\\xampp7.4.3\\htdocs\\ODBUS\\odbusproviderbe\\vendor\\laravel\\framework\\src\\Illuminate\\Pipeline\\Pipeline.php(167): Illuminate\\Foundation\\Http\\Middleware\\ValidatePostSize->handle(Object(Illuminate\\Http\\Request), Object(Closure))
#29 C:\\xampp7.4.3\\htdocs\\ODBUS\\odbusproviderbe\\vendor\\laravel\\framework\\src\\Illuminate\\Foundation\\Http\\Middleware\\PreventRequestsDuringMaintenance.php(86): Illuminate\\Pipeline\\Pipeline->Illuminate\\Pipeline\\{closure}(Object(Illuminate\\Http\\Request))
#30 C:\\xampp7.4.3\\htdocs\\ODBUS\\odbusproviderbe\\vendor\\laravel\\framework\\src\\Illuminate\\Pipeline\\Pipeline.php(167): Illuminate\\Foundation\\Http\\Middleware\\PreventRequestsDuringMaintenance->handle(Object(Illuminate\\Http\\Request), Object(Closure))
#31 C:\\xampp7.4.3\\htdocs\\ODBUS\\odbusproviderbe\\vendor\\fideloper\\proxy\\src\\TrustProxies.php(57): Illuminate\\Pipeline\\Pipeline->Illuminate\\Pipeline\\{closure}(Object(Illuminate\\Http\\Request))
#32 C:\\xampp7.4.3\\htdocs\\ODBUS\\odbusproviderbe\\vendor\\laravel\\framework\\src\\Illuminate\\Pipeline\\Pipeline.php(167): Fideloper\\Proxy\\TrustProxies->handle(Object(Illuminate\\Http\\Request), Object(Closure))
#33 C:\\xampp7.4.3\\htdocs\\ODBUS\\odbusproviderbe\\vendor\\laravel\\framework\\src\\Illuminate\\Pipeline\\Pipeline.php(103): Illuminate\\Pipeline\\Pipeline->Illuminate\\Pipeline\\{closure}(Object(Illuminate\\Http\\Request))
#34 C:\\xampp7.4.3\\htdocs\\ODBUS\\odbusproviderbe\\vendor\\laravel\\framework\\src\\Illuminate\\Foundation\\Http\\Kernel.php(142): Illuminate\\Pipeline\\Pipeline->then(Object(Closure))
#35 C:\\xampp7.4.3\\htdocs\\ODBUS\\odbusproviderbe\\vendor\\laravel\\framework\\src\\Illuminate\\Foundation\\Http\\Kernel.php(111): Illuminate\\Foundation\\Http\\Kernel->sendRequestThroughRouter(Object(Illuminate\\Http\\Request))
#36 C:\\xampp7.4.3\\htdocs\\ODBUS\\odbusproviderbe\\index.php(52): Illuminate\\Foundation\\Http\\Kernel->handle(Object(Illuminate\\Http\\Request))
#37 {main}
"} 
Http\\Kernel->handle(Object(Illuminate\\Http\\Request))
#37 {main}
"} 
[2025-11-12 14:40:12] local.ERROR: Call to undefined method App\Services\AssociationService::getAllAgent() {"exception":"[object] (Error(code: 0): Call to undefined method App\\Services\\AssociationService::getAllAgent() at C:\\xampp7.4.3\\htdocs\\ODBUS\\odbusproviderbe\\app\\Http\\Controllers\\AssociationController.php:47)
[stacktrace]
#0 C:\\xampp7.4.3\\htdocs\\ODBUS\\odbusproviderbe\\vendor\\laravel\\framework\\src\\Illuminate\\Routing\\Controller.php(54): App\\Http\\Controllers\\AssociationController->getAllAgent()
#1 C:\\xampp7.4.3\\htdocs\\ODBUS\\odbusproviderbe\\vendor\\laravel\\framework\\src\\Illuminate\\Routing\\ControllerDispatcher.php(45): Illuminate\\Routing\\Controller->callAction('getAllAgent', Array)
#2 C:\\xampp7.4.3\\htdocs\\ODBUS\\odbusproviderbe\\vendor\\laravel\\framework\\src\\Illuminate\\Routing\\Route.php(262): Illuminate\\Routing\\ControllerDispatcher->dispatch(Object(Illuminate\\Routing\\Route), Object(App\\Http\\Controllers\\AssociationController), 'getAllAgent')
#3 C:\\xampp7.4.3\\htdocs\\ODBUS\\odbusproviderbe\\vendor\\laravel\\framework\\src\\Illuminate\\Routing\\Route.php(205): Illuminate\\Routing\\Route->runController()
#4 C:\\xampp7.4.3\\htdocs\\ODBUS\\odbusproviderbe\\vendor\\laravel\\framework\\src\\Illuminate\\Routing\\Router.php(695): Illuminate\\Routing\\Route->run()
#5 C:\\xampp7.4.3\\htdocs\\ODBUS\\odbusproviderbe\\vendor\\laravel\\framework\\src\\Illuminate\\Pipeline\\Pipeline.php(128): Illuminate\\Routing\\Router->Illuminate\\Routing\\{closure}(Object(Illuminate\\Http\\Request))
#6 C:\\xampp7.4.3\\htdocs\\ODBUS\\odbusproviderbe\\vendor\\laravel\\framework\\src\\Illuminate\\Routing\\Middleware\\SubstituteBindings.php(50): Illuminate\\Pipeline\\Pipeline->Illuminate\\Pipeline\\{closure}(Object(Illuminate\\Http\\Request))
#7 C:\\xampp7.4.3\\htdocs\\ODBUS\\odbusproviderbe\\vendor\\laravel\\framework\\src\\Illuminate\\Pipeline\\Pipeline.php(167): Illuminate\\Routing\\Middleware\\SubstituteBindings->handle(Object(Illuminate\\Http\\Request), Object(Closure))
#8 C:\\xampp7.4.3\\htdocs\\ODBUS\\odbusproviderbe\\vendor\\laravel\\framework\\src\\Illuminate\\Routing\\Middleware\\ThrottleRequests.php(127): Illuminate\\Pipeline\\Pipeline->Illuminate\\Pipeline\\{closure}(Object(Illuminate\\Http\\Request))
#9 C:\\xampp7.4.3\\htdocs\\ODBUS\\odbusproviderbe\\vendor\\laravel\\framework\\src\\Illuminate\\Routing\\Middleware\\ThrottleRequests.php(103): Illuminate\\Routing\\Middleware\\ThrottleRequests->handleRequest(Object(Illuminate\\Http\\Request), Object(Closure), Array)
#10 C:\\xampp7.4.3\\htdocs\\ODBUS\\odbusproviderbe\\vendor\\laravel\\framework\\src\\Illuminate\\Routing\\Middleware\\ThrottleRequests.php(55): Illuminate\\Routing\\Middleware\\ThrottleRequests->handleRequestUsingNamedLimiter(Object(Illuminate\\Http\\Request), Object(Closure), 'api', Object(Closure))
#11 C:\\xampp7.4.3\\htdocs\\ODBUS\\odbusproviderbe\\vendor\\laravel\\framework\\src\\Illuminate\\Pipeline\\Pipeline.php(167): Illuminate\\Routing\\Middleware\\ThrottleRequests->handle(Object(Illuminate\\Http\\Request), Object(Closure), 'api')
#12 C:\\xampp7.4.3\\htdocs\\ODBUS\\odbusproviderbe\\vendor\\laravel\\framework\\src\\Illuminate\\Pipeline\\Pipeline.php(103): Illuminate\\Pipeline\\Pipeline->Illuminate\\Pipeline\\{closure}(Object(Illuminate\\Http\\Request))
#13 C:\\xampp7.4.3\\htdocs\\ODBUS\\odbusproviderbe\\vendor\\laravel\\framework\\src\\Illuminate\\Routing\\Router.php(697): Illuminate\\Pipeline\\Pipeline->then(Object(Closure))
#14 C:\\xampp7.4.3\\htdocs\\ODBUS\\odbusproviderbe\\vendor\\laravel\\framework\\src\\Illuminate\\Routing\\Router.php(672): Illuminate\\Routing\\Router->runRouteWithinStack(Object(Illuminate\\Routing\\Route), Object(Illuminate\\Http\\Request))
#15 C:\\xampp7.4.3\\htdocs\\ODBUS\\odbusproviderbe\\vendor\\laravel\\framework\\src\\Illuminate\\Routing\\Router.php(636): Illuminate\\Routing\\Router->runRoute(Object(Illuminate\\Http\\Request), Object(Illuminate\\Routing\\Route))
#16 C:\\xampp7.4.3\\htdocs\\ODBUS\\odbusproviderbe\\vendor\\laravel\\framework\\src\\Illuminate\\Routing\\Router.php(625): Illuminate\\Routing\\Router->dispatchToRoute(Object(Illuminate\\Http\\Request))
#17 C:\\xampp7.4.3\\htdocs\\ODBUS\\odbusproviderbe\\vendor\\laravel\\framework\\src\\Illuminate\\Foundation\\Http\\Kernel.php(167): Illuminate\\Routing\\Router->dispatch(Object(Illuminate\\Http\\Request))
#18 C:\\xampp7.4.3\\htdocs\\ODBUS\\odbusproviderbe\\vendor\\laravel\\framework\\src\\Illuminate\\Pipeline\\Pipeline.php(128): Illuminate\\Foundation\\Http\\Kernel->Illuminate\\Foundation\\Http\\{closure}(Object(Illuminate\\Http\\Request))
#19 C:\\xampp7.4.3\\htdocs\\ODBUS\\odbusproviderbe\\app\\Http\\Middleware\\Cors.php(22): Illuminate\\Pipeline\\Pipeline->Illuminate\\Pipeline\\{closure}(Object(Illuminate\\Http\\Request))
#20 C:\\xampp7.4.3\\htdocs\\ODBUS\\odbusproviderbe\\vendor\\laravel\\framework\\src\\Illuminate\\Pipeline\\Pipeline.php(167): App\\Http\\Middleware\\Cors->handle(Object(Illuminate\\Http\\Request), Object(Closure))
#21 C:\\xampp7.4.3\\htdocs\\ODBUS\\odbusproviderbe\\vendor\\laravel\\framework\\src\\Illuminate\\Foundation\\Http\\Middleware\\TransformsRequest.php(21): Illuminate\\Pipeline\\Pipeline->Illuminate\\Pipeline\\{closure}(Object(Illuminate\\Http\\Request))
#22 C:\\xampp7.4.3\\htdocs\\ODBUS\\odbusproviderbe\\vendor\\laravel\\framework\\src\\Illuminate\\Foundation\\Http\\Middleware\\ConvertEmptyStringsToNull.php(31): Illuminate\\Foundation\\Http\\Middleware\\TransformsRequest->handle(Object(Illuminate\\Http\\Request), Object(Closure))
#23 C:\\xampp7.4.3\\htdocs\\ODBUS\\odbusproviderbe\\vendor\\laravel\\framework\\src\\Illuminate\\Pipeline\\Pipeline.php(167): Illuminate\\Foundation\\Http\\Middleware\\ConvertEmptyStringsToNull->handle(Object(Illuminate\\Http\\Request), Object(Closure))
#24 C:\\xampp7.4.3\\htdocs\\ODBUS\\odbusproviderbe\\vendor\\laravel\\framework\\src\\Illuminate\\Foundation\\Http\\Middleware\\TransformsRequest.php(21): Illuminate\\Pipeline\\Pipeline->Illuminate\\Pipeline\\{closure}(Object(Illuminate\\Http\\Request))
#25 C:\\xampp7.4.3\\htdocs\\ODBUS\\odbusproviderbe\\vendor\\laravel\\framework\\src\\Illuminate\\Foundation\\Http\\Middleware\\TrimStrings.php(40): Illuminate\\Foundation\\Http\\Middleware\\TransformsRequest->handle(Object(Illuminate\\Http\\Request), Object(Closure))
#26 C:\\xampp7.4.3\\htdocs\\ODBUS\\odbusproviderbe\\vendor\\laravel\\framework\\src\\Illuminate\\Pipeline\\Pipeline.php(167): Illuminate\\Foundation\\Http\\Middleware\\TrimStrings->handle(Object(Illuminate\\Http\\Request), Object(Closure))
#27 C:\\xampp7.4.3\\htdocs\\ODBUS\\odbusproviderbe\\vendor\\laravel\\framework\\src\\Illuminate\\Foundation\\Http\\Middleware\\ValidatePostSize.php(27): Illuminate\\Pipeline\\Pipeline->Illuminate\\Pipeline\\{closure}(Object(Illuminate\\Http\\Request))
#28 C:\\xampp7.4.3\\htdocs\\ODBUS\\odbusproviderbe\\vendor\\laravel\\framework\\src\\Illuminate\\Pipeline\\Pipeline.php(167): Illuminate\\Foundation\\Http\\Middleware\\ValidatePostSize->handle(Object(Illuminate\\Http\\Request), Object(Closure))
#29 C:\\xampp7.4.3\\htdocs\\ODBUS\\odbusproviderbe\\vendor\\laravel\\framework\\src\\Illuminate\\Foundation\\Http\\Middleware\\PreventRequestsDuringMaintenance.php(86): Illuminate\\Pipeline\\Pipeline->Illuminate\\Pipeline\\{closure}(Object(Illuminate\\Http\\Request))
#30 C:\\xampp7.4.3\\htdocs\\ODBUS\\odbusproviderbe\\vendor\\laravel\\framework\\src\\Illuminate\\Pipeline\\Pipeline.php(167): Illuminate\\Foundation\\Http\\Middleware\\PreventRequestsDuringMaintenance->handle(Object(Illuminate\\Http\\Request), Object(Closure))
#31 C:\\xampp7.4.3\\htdocs\\ODBUS\\odbusproviderbe\\vendor\\fideloper\\proxy\\src\\TrustProxies.php(57): Illuminate\\Pipeline\\Pipeline->Illuminate\\Pipeline\\{closure}(Object(Illuminate\\Http\\Request))
#32 C:\\xampp7.4.3\\htdocs\\ODBUS\\odbusproviderbe\\vendor\\laravel\\framework\\src\\Illuminate\\Pipeline\\Pipeline.php(167): Fideloper\\Proxy\\TrustProxies->handle(Object(Illuminate\\Http\\Request), Object(Closure))
#33 C:\\xampp7.4.3\\htdocs\\ODBUS\\odbusproviderbe\\vendor\\laravel\\framework\\src\\Illuminate\\Pipeline\\Pipeline.php(103): Illuminate\\Pipeline\\Pipeline->Illuminate\\Pipeline\\{closure}(Object(Illuminate\\Http\\Request))
#34 C:\\xampp7.4.3\\htdocs\\ODBUS\\odbusproviderbe\\vendor\\laravel\\framework\\src\\Illuminate\\Foundation\\Http\\Kernel.php(142): Illuminate\\Pipeline\\Pipeline->then(Object(Closure))
#35 C:\\xampp7.4.3\\htdocs\\ODBUS\\odbusproviderbe\\vendor\\laravel\\framework\\src\\Illuminate\\Foundation\\Http\\Kernel.php(111): Illuminate\\Foundation\\Http\\Kernel->sendRequestThroughRouter(Object(Illuminate\\Http\\Request))
#36 C:\\xampp7.4.3\\htdocs\\ODBUS\\odbusproviderbe\\index.php(52): Illuminate\\Foundation\\Http\\Kernel->handle(Object(Illuminate\\Http\\Request))
#37 {main}
"} 
[2025-11-12 14:40:12] local.ERROR: Call to undefined method App\Services\AgentWalletService::agentAllTransaction() {"exception":"[object] (Error(code: 0): Call to undefined method App\\Services\\AgentWalletService::agentAllTransaction() at C:\\xampp7.4.3\\htdocs\\ODBUS\\odbusproviderbe\\app\\Http\\Controllers\\AgentWalletController.php:45)
[stacktrace]
#0 C:\\xampp7.4.3\\htdocs\\ODBUS\\odbusproviderbe\\vendor\\laravel\\framework\\src\\Illuminate\\Routing\\Controller.php(54): App\\Http\\Controllers\\AgentWalletController->agentAllTransaction(Object(Illuminate\\Http\\Request))
#1 C:\\xampp7.4.3\\htdocs\\ODBUS\\odbusproviderbe\\vendor\\laravel\\framework\\src\\Illuminate\\Routing\\ControllerDispatcher.php(45): Illuminate\\Routing\\Controller->callAction('agentAllTransac...', Array)
#2 C:\\xampp7.4.3\\htdocs\\ODBUS\\odbusproviderbe\\vendor\\laravel\\framework\\src\\Illuminate\\Routing\\Route.php(262): Illuminate\\Routing\\ControllerDispatcher->dispatch(Object(Illuminate\\Routing\\Route), Object(App\\Http\\Controllers\\AgentWalletController), 'agentAllTransac...')
#3 C:\\xampp7.4.3\\htdocs\\ODBUS\\odbusproviderbe\\vendor\\laravel\\framework\\src\\Illuminate\\Routing\\Route.php(205): Illuminate\\Routing\\Route->runController()
#4 C:\\xampp7.4.3\\htdocs\\ODBUS\\odbusproviderbe\\vendor\\laravel\\framework\\src\\Illuminate\\Routing\\Router.php(695): Illuminate\\Routing\\Route->run()
#5 C:\\xampp7.4.3\\htdocs\\ODBUS\\odbusproviderbe\\vendor\\laravel\\framework\\src\\Illuminate\\Pipeline\\Pipeline.php(128): Illuminate\\Routing\\Router->Illuminate\\Routing\\{closure}(Object(Illuminate\\Http\\Request))
#6 C:\\xampp7.4.3\\htdocs\\ODBUS\\odbusproviderbe\\vendor\\laravel\\framework\\src\\Illuminate\\Routing\\Middleware\\SubstituteBindings.php(50): Illuminate\\Pipeline\\Pipeline->Illuminate\\Pipeline\\{closure}(Object(Illuminate\\Http\\Request))
#7 C:\\xampp7.4.3\\htdocs\\ODBUS\\odbusproviderbe\\vendor\\laravel\\framework\\src\\Illuminate\\Pipeline\\Pipeline.php(167): Illuminate\\Routing\\Middleware\\SubstituteBindings->handle(Object(Illuminate\\Http\\Request), Object(Closure))
#8 C:\\xampp7.4.3\\htdocs\\ODBUS\\odbusproviderbe\\vendor\\laravel\\framework\\src\\Illuminate\\Routing\\Middleware\\ThrottleRequests.php(127): Illuminate\\Pipeline\\Pipeline->Illuminate\\Pipeline\\{closure}(Object(Illuminate\\Http\\Request))
#9 C:\\xampp7.4.3\\htdocs\\ODBUS\\odbusproviderbe\\vendor\\laravel\\framework\\src\\Illuminate\\Routing\\Middleware\\ThrottleRequests.php(103): Illuminate\\Routing\\Middleware\\ThrottleRequests->handleRequest(Object(Illuminate\\Http\\Request), Object(Closure), Array)
#10 C:\\xampp7.4.3\\htdocs\\ODBUS\\odbusproviderbe\\vendor\\laravel\\framework\\src\\Illuminate\\Routing\\Middleware\\ThrottleRequests.php(55): Illuminate\\Routing\\Middleware\\ThrottleRequests->handleRequestUsingNamedLimiter(Object(Illuminate\\Http\\Request), Object(Closure), 'api', Object(Closure))
#11 C:\\xampp7.4.3\\htdocs\\ODBUS\\odbusproviderbe\\vendor\\laravel\\framework\\src\\Illuminate\\Pipeline\\Pipeline.php(167): Illuminate\\Routing\\Middleware\\ThrottleRequests->handle(Object(Illuminate\\Http\\Request), Object(Closure), 'api')
#12 C:\\xampp7.4.3\\htdocs\\ODBUS\\odbusproviderbe\\vendor\\laravel\\framework\\src\\Illuminate\\Pipeline\\Pipeline.php(103): Illuminate\\Pipeline\\Pipeline->Illuminate\\Pipeline\\{closure}(Object(Illuminate\\Http\\Request))
#13 C:\\xampp7.4.3\\htdocs\\ODBUS\\odbusproviderbe\\vendor\\laravel\\framework\\src\\Illuminate\\Routing\\Router.php(697): Illuminate\\Pipeline\\Pipeline->then(Object(Closure))
#14 C:\\xampp7.4.3\\htdocs\\ODBUS\\odbusproviderbe\\vendor\\laravel\\framework\\src\\Illuminate\\Routing\\Router.php(672): Illuminate\\Routing\\Router->runRouteWithinStack(Object(Illuminate\\Routing\\Route), Object(Illuminate\\Http\\Request))
#15 C:\\xampp7.4.3\\htdocs\\ODBUS\\odbusproviderbe\\vendor\\laravel\\framework\\src\\Illuminate\\Routing\\Router.php(636): Illuminate\\Routing\\Router->runRoute(Object(Illuminate\\Http\\Request), Object(Illuminate\\Routing\\Route))
#16 C:\\xampp7.4.3\\htdocs\\ODBUS\\odbusproviderbe\\vendor\\laravel\\framework\\src\\Illuminate\\Routing\\Router.php(625): Illuminate\\Routing\\Router->dispatchToRoute(Object(Illuminate\\Http\\Request))
#17 C:\\xampp7.4.3\\htdocs\\ODBUS\\odbusproviderbe\\vendor\\laravel\\framework\\src\\Illuminate\\Foundation\\Http\\Kernel.php(167): Illuminate\\Routing\\Router->dispatch(Object(Illuminate\\Http\\Request))
#18 C:\\xampp7.4.3\\htdocs\\ODBUS\\odbusproviderbe\\vendor\\laravel\\framework\\src\\Illuminate\\Pipeline\\Pipeline.php(128): Illuminate\\Foundation\\Http\\Kernel->Illuminate\\Foundation\\Http\\{closure}(Object(Illuminate\\Http\\Request))
#19 C:\\xampp7.4.3\\htdocs\\ODBUS\\odbusproviderbe\\app\\Http\\Middleware\\Cors.php(22): Illuminate\\Pipeline\\Pipeline->Illuminate\\Pipeline\\{closure}(Object(Illuminate\\Http\\Request))
#20 C:\\xampp7.4.3\\htdocs\\ODBUS\\odbusproviderbe\\vendor\\laravel\\framework\\src\\Illuminate\\Pipeline\\Pipeline.php(167): App\\Http\\Middleware\\Cors->handle(Object(Illuminate\\Http\\Request), Object(Closure))
#21 C:\\xampp7.4.3\\htdocs\\ODBUS\\odbusproviderbe\\vendor\\laravel\\framework\\src\\Illuminate\\Foundation\\Http\\Middleware\\TransformsRequest.php(21): Illuminate\\Pipeline\\Pipeline->Illuminate\\Pipeline\\{closure}(Object(Illuminate\\Http\\Request))
#22 C:\\xampp7.4.3\\htdocs\\ODBUS\\odbusproviderbe\\vendor\\laravel\\framework\\src\\Illuminate\\Foundation\\Http\\Middleware\\ConvertEmptyStringsToNull.php(31): Illuminate\\Foundation\\Http\\Middleware\\TransformsRequest->handle(Object(Illuminate\\Http\\Request), Object(Closure))
#23 C:\\xampp7.4.3\\htdocs\\ODBUS\\odbusproviderbe\\vendor\\laravel\\framework\\src\\Illuminate\\Pipeline\\Pipeline.php(167): Illuminate\\Foundation\\Http\\Middleware\\ConvertEmptyStringsToNull->handle(Object(Illuminate\\Http\\Request), Object(Closure))
#24 C:\\xampp7.4.3\\htdocs\\ODBUS\\odbusproviderbe\\vendor\\laravel\\framework\\src\\Illuminate\\Foundation\\Http\\Middleware\\TransformsRequest.php(21): Illuminate\\Pipeline\\Pipeline->Illuminate\\Pipeline\\{closure}(Object(Illuminate\\Http\\Request))
#25 C:\\xampp7.4.3\\htdocs\\ODBUS\\odbusproviderbe\\vendor\\laravel\\framework\\src\\Illuminate\\Foundation\\Http\\Middleware\\TrimStrings.php(40): Illuminate\\Foundation\\Http\\Middleware\\TransformsRequest->handle(Object(Illuminate\\Http\\Request), Object(Closure))
#26 C:\\xampp7.4.3\\htdocs\\ODBUS\\odbusproviderbe\\vendor\\laravel\\framework\\src\\Illuminate\\Pipeline\\Pipeline.php(167): Illuminate\\Foundation\\Http\\Middleware\\TrimStrings->handle(Object(Illuminate\\Http\\Request), Object(Closure))
#27 C:\\xampp7.4.3\\htdocs\\ODBUS\\odbusproviderbe\\vendor\\laravel\\framework\\src\\Illuminate\\Foundation\\Http\\Middleware\\ValidatePostSize.php(27): Illuminate\\Pipeline\\Pipeline->Illuminate\\Pipeline\\{closure}(Object(Illuminate\\Http\\Request))
#28 C:\\xampp7.4.3\\htdocs\\ODBUS\\odbusproviderbe\\vendor\\laravel\\framework\\src\\Illuminate\\Pipeline\\Pipeline.php(167): Illuminate\\Foundation\\Http\\Middleware\\ValidatePostSize->handle(Object(Illuminate\\Http\\Request), Object(Closure))
#29 C:\\xampp7.4.3\\htdocs\\ODBUS\\odbusproviderbe\\vendor\\laravel\\framework\\src\\Illuminate\\Foundation\\Http\\Middleware\\PreventRequestsDuringMaintenance.php(86): Illuminate\\Pipeline\\Pipeline->Illuminate\\Pipeline\\{closure}(Object(Illuminate\\Http\\Request))
#30 C:\\xampp7.4.3\\htdocs\\ODBUS\\odbusproviderbe\\vendor\\laravel\\framework\\src\\Illuminate\\Pipeline\\Pipeline.php(167): Illuminate\\Foundation\\Http\\Middleware\\PreventRequestsDuringMaintenance->handle(Object(Illuminate\\Http\\Request), Object(Closure))
#31 C:\\xampp7.4.3\\htdocs\\ODBUS\\odbusproviderbe\\vendor\\fideloper\\proxy\\src\\TrustProxies.php(57): Illuminate\\Pipeline\\Pipeline->Illuminate\\Pipeline\\{closure}(Object(Illuminate\\Http\\Request))
#32 C:\\xampp7.4.3\\htdocs\\ODBUS\\odbusproviderbe\\vendor\\laravel\\framework\\src\\Illuminate\\Pipeline\\Pipeline.php(167): Fideloper\\Proxy\\TrustProxies->handle(Object(Illuminate\\Http\\Request), Object(Closure))
#33 C:\\xampp7.4.3\\htdocs\\ODBUS\\odbusproviderbe\\vendor\\laravel\\framework\\src\\Illuminate\\Pipeline\\Pipeline.php(103): Illuminate\\Pipeline\\Pipeline->Illuminate\\Pipeline\\{closure}(Object(Illuminate\\Http\\Request))
#34 C:\\xampp7.4.3\\htdocs\\ODBUS\\odbusproviderbe\\vendor\\laravel\\framework\\src\\Illuminate\\Foundation\\Http\\Kernel.php(142): Illuminate\\Pipeline\\Pipeline->then(Object(Closure))
#35 C:\\xampp7.4.3\\htdocs\\ODBUS\\odbusproviderbe\\vendor\\laravel\\framework\\src\\Illuminate\\Foundation\\Http\\Kernel.php(111): Illuminate\\Foundation\\Http\\Kernel->sendRequestThroughRouter(Object(Illuminate\\Http\\Request))
#36 C:\\xampp7.4.3\\htdocs\\ODBUS\\odbusproviderbe\\index.php(52): Illuminate\\Foundation\\Http\\Kernel->handle(Object(Illuminate\\Http\\Request))
#37 {main}
"} 
[2025-11-12 17:11:13] local.ERROR: Target class [App\Http\Controllers\AgentCommissionSlabRepository] does not exist. {"exception":"[object] (Illuminate\\Contracts\\Container\\BindingResolutionException(code: 0): Target class [App\\Http\\Controllers\\AgentCommissionSlabRepository] does not exist. at C:\\xampp7.4.3\\htdocs\\ODBUS\\odbusproviderbe\\vendor\\laravel\\framework\\src\\Illuminate\\Container\\Container.php:879)
[stacktrace]
#0 C:\\xampp7.4.3\\htdocs\\ODBUS\\odbusproviderbe\\vendor\\laravel\\framework\\src\\Illuminate\\Container\\Container.php(758): Illuminate\\Container\\Container->build('App\\\\Http\\\\Contro...')
#1 C:\\xampp7.4.3\\htdocs\\ODBUS\\odbusproviderbe\\vendor\\laravel\\framework\\src\\Illuminate\\Foundation\\Application.php(851): Illuminate\\Container\\Container->resolve('App\\\\Http\\\\Contro...', Array, true)
#2 C:\\xampp7.4.3\\htdocs\\ODBUS\\odbusproviderbe\\vendor\\laravel\\framework\\src\\Illuminate\\Container\\Container.php(694): Illuminate\\Foundation\\Application->resolve('App\\\\Http\\\\Contro...', Array)
#3 C:\\xampp7.4.3\\htdocs\\ODBUS\\odbusproviderbe\\vendor\\laravel\\framework\\src\\Illuminate\\Foundation\\Application.php(836): Illuminate\\Container\\Container->make('App\\\\Http\\\\Contro...', Array)
#4 C:\\xampp7.4.3\\htdocs\\ODBUS\\odbusproviderbe\\vendor\\laravel\\framework\\src\\Illuminate\\Container\\Container.php(1031): Illuminate\\Foundation\\Application->make('App\\\\Http\\\\Contro...')
#5 C:\\xampp7.4.3\\htdocs\\ODBUS\\odbusproviderbe\\vendor\\laravel\\framework\\src\\Illuminate\\Container\\Container.php(951): Illuminate\\Container\\Container->resolveClass(Object(ReflectionParameter))
#6 C:\\xampp7.4.3\\htdocs\\ODBUS\\odbusproviderbe\\vendor\\laravel\\framework\\src\\Illuminate\\Container\\Container.php(912): Illuminate\\Container\\Container->resolveDependencies(Array)
#7 C:\\xampp7.4.3\\htdocs\\ODBUS\\odbusproviderbe\\vendor\\laravel\\framework\\src\\Illuminate\\Container\\Container.php(758): Illuminate\\Container\\Container->build('App\\\\Http\\\\Contro...')
#8 C:\\xampp7.4.3\\htdocs\\ODBUS\\odbusproviderbe\\vendor\\laravel\\framework\\src\\Illuminate\\Foundation\\Application.php(851): Illuminate\\Container\\Container->resolve('App\\\\Http\\\\Contro...', Array, true)
#9 C:\\xampp7.4.3\\htdocs\\ODBUS\\odbusproviderbe\\vendor\\laravel\\framework\\src\\Illuminate\\Container\\Container.php(694): Illuminate\\Foundation\\Application->resolve('App\\\\Http\\\\Contro...', Array)
#10 C:\\xampp7.4.3\\htdocs\\ODBUS\\odbusproviderbe\\vendor\\laravel\\framework\\src\\Illuminate\\Foundation\\Application.php(836): Illuminate\\Container\\Container->make('App\\\\Http\\\\Contro...', Array)
#11 C:\\xampp7.4.3\\htdocs\\ODBUS\\odbusproviderbe\\vendor\\laravel\\framework\\src\\Illuminate\\Routing\\Route.php(276): Illuminate\\Foundation\\Application->make('App\\\\Http\\\\Contro...')
#12 C:\\xampp7.4.3\\htdocs\\ODBUS\\odbusproviderbe\\vendor\\laravel\\framework\\src\\Illuminate\\Routing\\Route.php(1069): Illuminate\\Routing\\Route->getController()
#13 C:\\xampp7.4.3\\htdocs\\ODBUS\\odbusproviderbe\\vendor\\laravel\\framework\\src\\Illuminate\\Routing\\Route.php(1012): Illuminate\\Routing\\Route->controllerMiddleware()
#14 C:\\xampp7.4.3\\htdocs\\ODBUS\\odbusproviderbe\\vendor\\laravel\\framework\\src\\Illuminate\\Routing\\Router.php(708): Illuminate\\Routing\\Route->gatherMiddleware()
#15 C:\\xampp7.4.3\\htdocs\\ODBUS\\odbusproviderbe\\vendor\\laravel\\framework\\src\\Illuminate\\Routing\\Router.php(688): Illuminate\\Routing\\Router->gatherRouteMiddleware(Object(Illuminate\\Routing\\Route))
#16 C:\\xampp7.4.3\\htdocs\\ODBUS\\odbusproviderbe\\vendor\\laravel\\framework\\src\\Illuminate\\Routing\\Router.php(672): Illuminate\\Routing\\Router->runRouteWithinStack(Object(Illuminate\\Routing\\Route), Object(Illuminate\\Http\\Request))
#17 C:\\xampp7.4.3\\htdocs\\ODBUS\\odbusproviderbe\\vendor\\laravel\\framework\\src\\Illuminate\\Routing\\Router.php(636): Illuminate\\Routing\\Router->runRoute(Object(Illuminate\\Http\\Request), Object(Illuminate\\Routing\\Route))
#18 C:\\xampp7.4.3\\htdocs\\ODBUS\\odbusproviderbe\\vendor\\laravel\\framework\\src\\Illuminate\\Routing\\Router.php(625): Illuminate\\Routing\\Router->dispatchToRoute(Object(Illuminate\\Http\\Request))
#19 C:\\xampp7.4.3\\htdocs\\ODBUS\\odbusproviderbe\\vendor\\laravel\\framework\\src\\Illuminate\\Foundation\\Http\\Kernel.php(167): Illuminate\\Routing\\Router->dispatch(Object(Illuminate\\Http\\Request))
#20 C:\\xampp7.4.3\\htdocs\\ODBUS\\odbusproviderbe\\vendor\\laravel\\framework\\src\\Illuminate\\Pipeline\\Pipeline.php(128): Illuminate\\Foundation\\Http\\Kernel->Illuminate\\Foundation\\Http\\{closure}(Object(Illuminate\\Http\\Request))
#21 C:\\xampp7.4.3\\htdocs\\ODBUS\\odbusproviderbe\\app\\Http\\Middleware\\Cors.php(22): Illuminate\\Pipeline\\Pipeline->Illuminate\\Pipeline\\{closure}(Object(Illuminate\\Http\\Request))
#22 C:\\xampp7.4.3\\htdocs\\ODBUS\\odbusproviderbe\\vendor\\laravel\\framework\\src\\Illuminate\\Pipeline\\Pipeline.php(167): App\\Http\\Middleware\\Cors->handle(Object(Illuminate\\Http\\Request), Object(Closure))
#23 C:\\xampp7.4.3\\htdocs\\ODBUS\\odbusproviderbe\\vendor\\laravel\\framework\\src\\Illuminate\\Foundation\\Http\\Middleware\\TransformsRequest.php(21): Illuminate\\Pipeline\\Pipeline->Illuminate\\Pipeline\\{closure}(Object(Illuminate\\Http\\Request))
#24 C:\\xampp7.4.3\\htdocs\\ODBUS\\odbusproviderbe\\vendor\\laravel\\framework\\src\\Illuminate\\Foundation\\Http\\Middleware\\ConvertEmptyStringsToNull.php(31): Illuminate\\Foundation\\Http\\Middleware\\TransformsRequest->handle(Object(Illuminate\\Http\\Request), Object(Closure))
#25 C:\\xampp7.4.3\\htdocs\\ODBUS\\odbusproviderbe\\vendor\\laravel\\framework\\src\\Illuminate\\Pipeline\\Pipeline.php(167): Illuminate\\Foundation\\Http\\Middleware\\ConvertEmptyStringsToNull->handle(Object(Illuminate\\Http\\Request), Object(Closure))
#26 C:\\xampp7.4.3\\htdocs\\ODBUS\\odbusproviderbe\\vendor\\laravel\\framework\\src\\Illuminate\\Foundation\\Http\\Middleware\\TransformsRequest.php(21): Illuminate\\Pipeline\\Pipeline->Illuminate\\Pipeline\\{closure}(Object(Illuminate\\Http\\Request))
#27 C:\\xampp7.4.3\\htdocs\\ODBUS\\odbusproviderbe\\vendor\\laravel\\framework\\src\\Illuminate\\Foundation\\Http\\Middleware\\TrimStrings.php(40): Illuminate\\Foundation\\Http\\Middleware\\TransformsRequest->handle(Object(Illuminate\\Http\\Request), Object(Closure))
#28 C:\\xampp7.4.3\\htdocs\\ODBUS\\odbusproviderbe\\vendor\\laravel\\framework\\src\\Illuminate\\Pipeline\\Pipeline.php(167): Illuminate\\Foundation\\Http\\Middleware\\TrimStrings->handle(Object(Illuminate\\Http\\Request), Object(Closure))
#29 C:\\xampp7.4.3\\htdocs\\ODBUS\\odbusproviderbe\\vendor\\laravel\\framework\\src\\Illuminate\\Foundation\\Http\\Middleware\\ValidatePostSize.php(27): Illuminate\\Pipeline\\Pipeline->Illuminate\\Pipeline\\{closure}(Object(Illuminate\\Http\\Request))
#30 C:\\xampp7.4.3\\htdocs\\ODBUS\\odbusproviderbe\\vendor\\laravel\\framework\\src\\Illuminate\\Pipeline\\Pipeline.php(167): Illuminate\\Foundation\\Http\\Middleware\\ValidatePostSize->handle(Object(Illuminate\\Http\\Request), Object(Closure))
#31 C:\\xampp7.4.3\\htdocs\\ODBUS\\odbusproviderbe\\vendor\\laravel\\framework\\src\\Illuminate\\Foundation\\Http\\Middleware\\PreventRequestsDuringMaintenance.php(86): Illuminate\\Pipeline\\Pipeline->Illuminate\\Pipeline\\{closure}(Object(Illuminate\\Http\\Request))
#32 C:\\xampp7.4.3\\htdocs\\ODBUS\\odbusproviderbe\\vendor\\laravel\\framework\\src\\Illuminate\\Pipeline\\Pipeline.php(167): Illuminate\\Foundation\\Http\\Middleware\\PreventRequestsDuringMaintenance->handle(Object(Illuminate\\Http\\Request), Object(Closure))
#33 C:\\xampp7.4.3\\htdocs\\ODBUS\\odbusproviderbe\\vendor\\fideloper\\proxy\\src\\TrustProxies.php(57): Illuminate\\Pipeline\\Pipeline->Illuminate\\Pipeline\\{closure}(Object(Illuminate\\Http\\Request))
#34 C:\\xampp7.4.3\\htdocs\\ODBUS\\odbusproviderbe\\vendor\\laravel\\framework\\src\\Illuminate\\Pipeline\\Pipeline.php(167): Fideloper\\Proxy\\TrustProxies->handle(Object(Illuminate\\Http\\Request), Object(Closure))
#35 C:\\xampp7.4.3\\htdocs\\ODBUS\\odbusproviderbe\\vendor\\laravel\\framework\\src\\Illuminate\\Pipeline\\Pipeline.php(103): Illuminate\\Pipeline\\Pipeline->Illuminate\\Pipeline\\{closure}(Object(Illuminate\\Http\\Request))
#36 C:\\xampp7.4.3\\htdocs\\ODBUS\\odbusproviderbe\\vendor\\laravel\\framework\\src\\Illuminate\\Foundation\\Http\\Kernel.php(142): Illuminate\\Pipeline\\Pipeline->then(Object(Closure))
#37 C:\\xampp7.4.3\\htdocs\\ODBUS\\odbusproviderbe\\vendor\\laravel\\framework\\src\\Illuminate\\Foundation\\Http\\Kernel.php(111): Illuminate\\Foundation\\Http\\Kernel->sendRequestThroughRouter(Object(Illuminate\\Http\\Request))
#38 C:\\xampp7.4.3\\htdocs\\ODBUS\\odbusproviderbe\\index.php(52): Illuminate\\Foundation\\Http\\Kernel->handle(Object(Illuminate\\Http\\Request))
#39 {main}

[previous exception] [object] (ReflectionException(code: -1): Class App\\Http\\Controllers\\AgentCommissionSlabRepository does not exist at C:\\xampp7.4.3\\htdocs\\ODBUS\\odbusproviderbe\\vendor\\laravel\\framework\\src\\Illuminate\\Container\\Container.php:877)
[stacktrace]
#0 C:\\xampp7.4.3\\htdocs\\ODBUS\\odbusproviderbe\\vendor\\laravel\\framework\\src\\Illuminate\\Container\\Container.php(877): ReflectionClass->__construct('App\\\\Http\\\\Contro...')
#1 C:\\xampp7.4.3\\htdocs\\ODBUS\\odbusproviderbe\\vendor\\laravel\\framework\\src\\Illuminate\\Container\\Container.php(758): Illuminate\\Container\\Container->build('App\\\\Http\\\\Contro...')
#2 C:\\xampp7.4.3\\htdocs\\ODBUS\\odbusproviderbe\\vendor\\laravel\\framework\\src\\Illuminate\\Foundation\\Application.php(851): Illuminate\\Container\\Container->resolve('App\\\\Http\\\\Contro...', Array, true)
#3 C:\\xampp7.4.3\\htdocs\\ODBUS\\odbusproviderbe\\vendor\\laravel\\framework\\src\\Illuminate\\Container\\Container.php(694): Illuminate\\Foundation\\Application->resolve('App\\\\Http\\\\Contro...', Array)
#4 C:\\xampp7.4.3\\htdocs\\ODBUS\\odbusproviderbe\\vendor\\laravel\\framework\\src\\Illuminate\\Foundation\\Application.php(836): Illuminate\\Container\\Container->make('App\\\\Http\\\\Contro...', Array)
#5 C:\\xampp7.4.3\\htdocs\\ODBUS\\odbusproviderbe\\vendor\\laravel\\framework\\src\\Illuminate\\Container\\Container.php(1031): Illuminate\\Foundation\\Application->make('App\\\\Http\\\\Contro...')
#6 C:\\xampp7.4.3\\htdocs\\ODBUS\\odbusproviderbe\\vendor\\laravel\\framework\\src\\Illuminate\\Container\\Container.php(951): Illuminate\\Container\\Container->resolveClass(Object(ReflectionParameter))
#7 C:\\xampp7.4.3\\htdocs\\ODBUS\\odbusproviderbe\\vendor\\laravel\\framework\\src\\Illuminate\\Container\\Container.php(912): Illuminate\\Container\\Container->resolveDependencies(Array)
#8 C:\\xampp7.4.3\\htdocs\\ODBUS\\odbusproviderbe\\vendor\\laravel\\framework\\src\\Illuminate\\Container\\Container.php(758): Illuminate\\Container\\Container->build('App\\\\Http\\\\Contro...')
#9 C:\\xampp7.4.3\\htdocs\\ODBUS\\odbusproviderbe\\vendor\\laravel\\framework\\src\\Illuminate\\Foundation\\Application.php(851): Illuminate\\Container\\Container->resolve('App\\\\Http\\\\Contro...', Array, true)
#10 C:\\xampp7.4.3\\htdocs\\ODBUS\\odbusproviderbe\\vendor\\laravel\\framework\\src\\Illuminate\\Container\\Container.php(694): Illuminate\\Foundation\\Application->resolve('App\\\\Http\\\\Contro...', Array)
#11 C:\\xampp7.4.3\\htdocs\\ODBUS\\odbusproviderbe\\vendor\\laravel\\framework\\src\\Illuminate\\Foundation\\Application.php(836): Illuminate\\Container\\Container->make('App\\\\Http\\\\Contro...', Array)
#12 C:\\xampp7.4.3\\htdocs\\ODBUS\\odbusproviderbe\\vendor\\laravel\\framework\\src\\Illuminate\\Routing\\Route.php(276): Illuminate\\Foundation\\Application->make('App\\\\Http\\\\Contro...')
#13 C:\\xampp7.4.3\\htdocs\\ODBUS\\odbusproviderbe\\vendor\\laravel\\framework\\src\\Illuminate\\Routing\\Route.php(1069): Illuminate\\Routing\\Route->getController()
#14 C:\\xampp7.4.3\\htdocs\\ODBUS\\odbusproviderbe\\vendor\\laravel\\framework\\src\\Illuminate\\Routing\\Route.php(1012): Illuminate\\Routing\\Route->controllerMiddleware()
#15 C:\\xampp7.4.3\\htdocs\\ODBUS\\odbusproviderbe\\vendor\\laravel\\framework\\src\\Illuminate\\Routing\\Router.php(708): Illuminate\\Routing\\Route->gatherMiddleware()
#16 C:\\xampp7.4.3\\htdocs\\ODBUS\\odbusproviderbe\\vendor\\laravel\\framework\\src\\Illuminate\\Routing\\Router.php(688): Illuminate\\Routing\\Router->gatherRouteMiddleware(Object(Illuminate\\Routing\\Route))
#17 C:\\xampp7.4.3\\htdocs\\ODBUS\\odbusproviderbe\\vendor\\laravel\\framework\\src\\Illuminate\\Routing\\Router.php(672): Illuminate\\Routing\\Router->runRouteWithinStack(Object(Illuminate\\Routing\\Route), Object(Illuminate\\Http\\Request))
#18 C:\\xampp7.4.3\\htdocs\\ODBUS\\odbusproviderbe\\vendor\\laravel\\framework\\src\\Illuminate\\Routing\\Router.php(636): Illuminate\\Routing\\Router->runRoute(Object(Illuminate\\Http\\Request), Object(Illuminate\\Routing\\Route))
#19 C:\\xampp7.4.3\\htdocs\\ODBUS\\odbusproviderbe\\vendor\\laravel\\framework\\src\\Illuminate\\Routing\\Router.php(625): Illuminate\\Routing\\Router->dispatchToRoute(Object(Illuminate\\Http\\Request))
#20 C:\\xampp7.4.3\\htdocs\\ODBUS\\odbusproviderbe\\vendor\\laravel\\framework\\src\\Illuminate\\Foundation\\Http\\Kernel.php(167): Illuminate\\Routing\\Router->dispatch(Object(Illuminate\\Http\\Request))
#21 C:\\xampp7.4.3\\htdocs\\ODBUS\\odbusproviderbe\\vendor\\laravel\\framework\\src\\Illuminate\\Pipeline\\Pipeline.php(128): Illuminate\\Foundation\\Http\\Kernel->Illuminate\\Foundation\\Http\\{closure}(Object(Illuminate\\Http\\Request))
#22 C:\\xampp7.4.3\\htdocs\\ODBUS\\odbusproviderbe\\app\\Http\\Middleware\\Cors.php(22): Illuminate\\Pipeline\\Pipeline->Illuminate\\Pipeline\\{closure}(Object(Illuminate\\Http\\Request))
#23 C:\\xampp7.4.3\\htdocs\\ODBUS\\odbusproviderbe\\vendor\\laravel\\framework\\src\\Illuminate\\Pipeline\\Pipeline.php(167): App\\Http\\Middleware\\Cors->handle(Object(Illuminate\\Http\\Request), Object(Closure))
#24 C:\\xampp7.4.3\\htdocs\\ODBUS\\odbusproviderbe\\vendor\\laravel\\framework\\src\\Illuminate\\Foundation\\Http\\Middleware\\TransformsRequest.php(21): Illuminate\\Pipeline\\Pipeline->Illuminate\\Pipeline\\{closure}(Object(Illuminate\\Http\\Request))
#25 C:\\xampp7.4.3\\htdocs\\ODBUS\\odbusproviderbe\\vendor\\laravel\\framework\\src\\Illuminate\\Foundation\\Http\\Middleware\\ConvertEmptyStringsToNull.php(31): Illuminate\\Foundation\\Http\\Middleware\\TransformsRequest->handle(Object(Illuminate\\Http\\Request), Object(Closure))
#26 C:\\xampp7.4.3\\htdocs\\ODBUS\\odbusproviderbe\\vendor\\laravel\\framework\\src\\Illuminate\\Pipeline\\Pipeline.php(167): Illuminate\\Foundation\\Http\\Middleware\\ConvertEmptyStringsToNull->handle(Object(Illuminate\\Http\\Request), Object(Closure))
#27 C:\\xampp7.4.3\\htdocs\\ODBUS\\odbusproviderbe\\vendor\\laravel\\framework\\src\\Illuminate\\Foundation\\Http\\Middleware\\TransformsRequest.php(21): Illuminate\\Pipeline\\Pipeline->Illuminate\\Pipeline\\{closure}(Object(Illuminate\\Http\\Request))
#28 C:\\xampp7.4.3\\htdocs\\ODBUS\\odbusproviderbe\\vendor\\laravel\\framework\\src\\Illuminate\\Foundation\\Http\\Middleware\\TrimStrings.php(40): Illuminate\\Foundation\\Http\\Middleware\\TransformsRequest->handle(Object(Illuminate\\Http\\Request), Object(Closure))
#29 C:\\xampp7.4.3\\htdocs\\ODBUS\\odbusproviderbe\\vendor\\laravel\\framework\\src\\Illuminate\\Pipeline\\Pipeline.php(167): Illuminate\\Foundation\\Http\\Middleware\\TrimStrings->handle(Object(Illuminate\\Http\\Request), Object(Closure))
#30 C:\\xampp7.4.3\\htdocs\\ODBUS\\odbusproviderbe\\vendor\\laravel\\framework\\src\\Illuminate\\Foundation\\Http\\Middleware\\ValidatePostSize.php(27): Illuminate\\Pipeline\\Pipeline->Illuminate\\Pipeline\\{closure}(Object(Illuminate\\Http\\Request))
#31 C:\\xampp7.4.3\\htdocs\\ODBUS\\odbusproviderbe\\vendor\\laravel\\framework\\src\\Illuminate\\Pipeline\\Pipeline.php(167): Illuminate\\Foundation\\Http\\Middleware\\ValidatePostSize->handle(Object(Illuminate\\Http\\Request), Object(Closure))
#32 C:\\xampp7.4.3\\htdocs\\ODBUS\\odbusproviderbe\\vendor\\laravel\\framework\\src\\Illuminate\\Foundation\\Http\\Middleware\\PreventRequestsDuringMaintenance.php(86): Illuminate\\Pipeline\\Pipeline->Illuminate\\Pipeline\\{closure}(Object(Illuminate\\Http\\Request))
#33 C:\\xampp7.4.3\\htdocs\\ODBUS\\odbusproviderbe\\vendor\\laravel\\framework\\src\\Illuminate\\Pipeline\\Pipeline.php(167): Illuminate\\Foundation\\Http\\Middleware\\PreventRequestsDuringMaintenance->handle(Object(Illuminate\\Http\\Request), Object(Closure))
#34 C:\\xampp7.4.3\\htdocs\\ODBUS\\odbusproviderbe\\vendor\\fideloper\\proxy\\src\\TrustProxies.php(57): Illuminate\\Pipeline\\Pipeline->Illuminate\\Pipeline\\{closure}(Object(Illuminate\\Http\\Request))
#35 C:\\xampp7.4.3\\htdocs\\ODBUS\\odbusproviderbe\\vendor\\laravel\\framework\\src\\Illuminate\\Pipeline\\Pipeline.php(167): Fideloper\\Proxy\\TrustProxies->handle(Object(Illuminate\\Http\\Request), Object(Closure))
#36 C:\\xampp7.4.3\\htdocs\\ODBUS\\odbusproviderbe\\vendor\\laravel\\framework\\src\\Illuminate\\Pipeline\\Pipeline.php(103): Illuminate\\Pipeline\\Pipeline->Illuminate\\Pipeline\\{closure}(Object(Illuminate\\Http\\Request))
#37 C:\\xampp7.4.3\\htdocs\\ODBUS\\odbusproviderbe\\vendor\\laravel\\framework\\src\\Illuminate\\Foundation\\Http\\Kernel.php(142): Illuminate\\Pipeline\\Pipeline->then(Object(Closure))
#38 C:\\xampp7.4.3\\htdocs\\ODBUS\\odbusproviderbe\\vendor\\laravel\\framework\\src\\Illuminate\\Foundation\\Http\\Kernel.php(111): Illuminate\\Foundation\\Http\\Kernel->sendRequestThroughRouter(Object(Illuminate\\Http\\Request))
#39 C:\\xampp7.4.3\\htdocs\\ODBUS\\odbusproviderbe\\index.php(52): Illuminate\\Foundation\\Http\\Kernel->handle(Object(Illuminate\\Http\\Request))
#40 {main}
"} 
[2025-11-12 17:19:17] local.ERROR: Call to undefined method App\Services\LocationService::getAll() {"exception":"[object] (Error(code: 0): Call to undefined method App\\Services\\LocationService::getAll() at C:\\xampp7.4.3\\htdocs\\ODBUS\\odbusproviderbe\\app\\Http\\Controllers\\LocationController.php:41)
[stacktrace]
#0 C:\\xampp7.4.3\\htdocs\\ODBUS\\odbusproviderbe\\vendor\\laravel\\framework\\src\\Illuminate\\Routing\\Controller.php(54): App\\Http\\Controllers\\LocationController->getAllLocations()
#1 C:\\xampp7.4.3\\htdocs\\ODBUS\\odbusproviderbe\\vendor\\laravel\\framework\\src\\Illuminate\\Routing\\ControllerDispatcher.php(45): Illuminate\\Routing\\Controller->callAction('getAllLocations', Array)
#2 C:\\xampp7.4.3\\htdocs\\ODBUS\\odbusproviderbe\\vendor\\laravel\\framework\\src\\Illuminate\\Routing\\Route.php(262): Illuminate\\Routing\\ControllerDispatcher->dispatch(Object(Illuminate\\Routing\\Route), Object(App\\Http\\Controllers\\LocationController), 'getAllLocations')
#3 C:\\xampp7.4.3\\htdocs\\ODBUS\\odbusproviderbe\\vendor\\laravel\\framework\\src\\Illuminate\\Routing\\Route.php(205): Illuminate\\Routing\\Route->runController()
#4 C:\\xampp7.4.3\\htdocs\\ODBUS\\odbusproviderbe\\vendor\\laravel\\framework\\src\\Illuminate\\Routing\\Router.php(695): Illuminate\\Routing\\Route->run()
#5 C:\\xampp7.4.3\\htdocs\\ODBUS\\odbusproviderbe\\vendor\\laravel\\framework\\src\\Illuminate\\Pipeline\\Pipeline.php(128): Illuminate\\Routing\\Router->Illuminate\\Routing\\{closure}(Object(Illuminate\\Http\\Request))
#6 C:\\xampp7.4.3\\htdocs\\ODBUS\\odbusproviderbe\\vendor\\laravel\\framework\\src\\Illuminate\\Routing\\Middleware\\SubstituteBindings.php(50): Illuminate\\Pipeline\\Pipeline->Illuminate\\Pipeline\\{closure}(Object(Illuminate\\Http\\Request))
#7 C:\\xampp7.4.3\\htdocs\\ODBUS\\odbusproviderbe\\vendor\\laravel\\framework\\src\\Illuminate\\Pipeline\\Pipeline.php(167): Illuminate\\Routing\\Middleware\\SubstituteBindings->handle(Object(Illuminate\\Http\\Request), Object(Closure))
#8 C:\\xampp7.4.3\\htdocs\\ODBUS\\odbusproviderbe\\vendor\\laravel\\framework\\src\\Illuminate\\Routing\\Middleware\\ThrottleRequests.php(127): Illuminate\\Pipeline\\Pipeline->Illuminate\\Pipeline\\{closure}(Object(Illuminate\\Http\\Request))
#9 C:\\xampp7.4.3\\htdocs\\ODBUS\\odbusproviderbe\\vendor\\laravel\\framework\\src\\Illuminate\\Routing\\Middleware\\ThrottleRequests.php(103): Illuminate\\Routing\\Middleware\\ThrottleRequests->handleRequest(Object(Illuminate\\Http\\Request), Object(Closure), Array)
#10 C:\\xampp7.4.3\\htdocs\\ODBUS\\odbusproviderbe\\vendor\\laravel\\framework\\src\\Illuminate\\Routing\\Middleware\\ThrottleRequests.php(55): Illuminate\\Routing\\Middleware\\ThrottleRequests->handleRequestUsingNamedLimiter(Object(Illuminate\\Http\\Request), Object(Closure), 'api', Object(Closure))
#11 C:\\xampp7.4.3\\htdocs\\ODBUS\\odbusproviderbe\\vendor\\laravel\\framework\\src\\Illuminate\\Pipeline\\Pipeline.php(167): Illuminate\\Routing\\Middleware\\ThrottleRequests->handle(Object(Illuminate\\Http\\Request), Object(Closure), 'api')
#12 C:\\xampp7.4.3\\htdocs\\ODBUS\\odbusproviderbe\\vendor\\laravel\\framework\\src\\Illuminate\\Pipeline\\Pipeline.php(103): Illuminate\\Pipeline\\Pipeline->Illuminate\\Pipeline\\{closure}(Object(Illuminate\\Http\\Request))
#13 C:\\xampp7.4.3\\htdocs\\ODBUS\\odbusproviderbe\\vendor\\laravel\\framework\\src\\Illuminate\\Routing\\Router.php(697): Illuminate\\Pipeline\\Pipeline->then(Object(Closure))
#14 C:\\xampp7.4.3\\htdocs\\ODBUS\\odbusproviderbe\\vendor\\laravel\\framework\\src\\Illuminate\\Routing\\Router.php(672): Illuminate\\Routing\\Router->runRouteWithinStack(Object(Illuminate\\Routing\\Route), Object(Illuminate\\Http\\Request))
#15 C:\\xampp7.4.3\\htdocs\\ODBUS\\odbusproviderbe\\vendor\\laravel\\framework\\src\\Illuminate\\Routing\\Router.php(636): Illuminate\\Routing\\Router->runRoute(Object(Illuminate\\Http\\Request), Object(Illuminate\\Routing\\Route))
#16 C:\\xampp7.4.3\\htdocs\\ODBUS\\odbusproviderbe\\vendor\\laravel\\framework\\src\\Illuminate\\Routing\\Router.php(625): Illuminate\\Routing\\Router->dispatchToRoute(Object(Illuminate\\Http\\Request))
#17 C:\\xampp7.4.3\\htdocs\\ODBUS\\odbusproviderbe\\vendor\\laravel\\framework\\src\\Illuminate\\Foundation\\Http\\Kernel.php(167): Illuminate\\Routing\\Router->dispatch(Object(Illuminate\\Http\\Request))
#18 C:\\xampp7.4.3\\htdocs\\ODBUS\\odbusproviderbe\\vendor\\laravel\\framework\\src\\Illuminate\\Pipeline\\Pipeline.php(128): Illuminate\\Foundation\\Http\\Kernel->Illuminate\\Foundation\\Http\\{closure}(Object(Illuminate\\Http\\Request))
#19 C:\\xampp7.4.3\\htdocs\\ODBUS\\odbusproviderbe\\app\\Http\\Middleware\\Cors.php(22): Illuminate\\Pipeline\\Pipeline->Illuminate\\Pipeline\\{closure}(Object(Illuminate\\Http\\Request))
#20 C:\\xampp7.4.3\\htdocs\\ODBUS\\odbusproviderbe\\vendor\\laravel\\framework\\src\\Illuminate\\Pipeline\\Pipeline.php(167): App\\Http\\Middleware\\Cors->handle(Object(Illuminate\\Http\\Request), Object(Closure))
#21 C:\\xampp7.4.3\\htdocs\\ODBUS\\odbusproviderbe\\vendor\\laravel\\framework\\src\\Illuminate\\Foundation\\Http\\Middleware\\TransformsRequest.php(21): Illuminate\\Pipeline\\Pipeline->Illuminate\\Pipeline\\{closure}(Object(Illuminate\\Http\\Request))
#22 C:\\xampp7.4.3\\htdocs\\ODBUS\\odbusproviderbe\\vendor\\laravel\\framework\\src\\Illuminate\\Foundation\\Http\\Middleware\\ConvertEmptyStringsToNull.php(31): Illuminate\\Foundation\\Http\\Middleware\\TransformsRequest->handle(Object(Illuminate\\Http\\Request), Object(Closure))
#23 C:\\xampp7.4.3\\htdocs\\ODBUS\\odbusproviderbe\\vendor\\laravel\\framework\\src\\Illuminate\\Pipeline\\Pipeline.php(167): Illuminate\\Foundation\\Http\\Middleware\\ConvertEmptyStringsToNull->handle(Object(Illuminate\\Http\\Request), Object(Closure))
#24 C:\\xampp7.4.3\\htdocs\\ODBUS\\odbusproviderbe\\vendor\\laravel\\framework\\src\\Illuminate\\Foundation\\Http\\Middleware\\TransformsRequest.php(21): Illuminate\\Pipeline\\Pipeline->Illuminate\\Pipeline\\{closure}(Object(Illuminate\\Http\\Request))
#25 C:\\xampp7.4.3\\htdocs\\ODBUS\\odbusproviderbe\\vendor\\laravel\\framework\\src\\Illuminate\\Foundation\\Http\\Middleware\\TrimStrings.php(40): Illuminate\\Foundation\\Http\\Middleware\\TransformsRequest->handle(Object(Illuminate\\Http\\Request), Object(Closure))
#26 C:\\xampp7.4.3\\htdocs\\ODBUS\\odbusproviderbe\\vendor\\laravel\\framework\\src\\Illuminate\\Pipeline\\Pipeline.php(167): Illuminate\\Foundation\\Http\\Middleware\\TrimStrings->handle(Object(Illuminate\\Http\\Request), Object(Closure))
#27 C:\\xampp7.4.3\\htdocs\\ODBUS\\odbusproviderbe\\vendor\\laravel\\framework\\src\\Illuminate\\Foundation\\Http\\Middleware\\ValidatePostSize.php(27): Illuminate\\Pipeline\\Pipeline->Illuminate\\Pipeline\\{closure}(Object(Illuminate\\Http\\Request))
#28 C:\\xampp7.4.3\\htdocs\\ODBUS\\odbusproviderbe\\vendor\\laravel\\framework\\src\\Illuminate\\Pipeline\\Pipeline.php(167): Illuminate\\Foundation\\Http\\Middleware\\ValidatePostSize->handle(Object(Illuminate\\Http\\Request), Object(Closure))
#29 C:\\xampp7.4.3\\htdocs\\ODBUS\\odbusproviderbe\\vendor\\laravel\\framework\\src\\Illuminate\\Foundation\\Http\\Middleware\\PreventRequestsDuringMaintenance.php(86): Illuminate\\Pipeline\\Pipeline->Illuminate\\Pipeline\\{closure}(Object(Illuminate\\Http\\Request))
#30 C:\\xampp7.4.3\\htdocs\\ODBUS\\odbusproviderbe\\vendor\\laravel\\framework\\src\\Illuminate\\Pipeline\\Pipeline.php(167): Illuminate\\Foundation\\Http\\Middleware\\PreventRequestsDuringMaintenance->handle(Object(Illuminate\\Http\\Request), Object(Closure))
#31 C:\\xampp7.4.3\\htdocs\\ODBUS\\odbusproviderbe\\vendor\\fideloper\\proxy\\src\\TrustProxies.php(57): Illuminate\\Pipeline\\Pipeline->Illuminate\\Pipeline\\{closure}(Object(Illuminate\\Http\\Request))
#32 C:\\xampp7.4.3\\htdocs\\ODBUS\\odbusproviderbe\\vendor\\laravel\\framework\\src\\Illuminate\\Pipeline\\Pipeline.php(167): Fideloper\\Proxy\\TrustProxies->handle(Object(Illuminate\\Http\\Request), Object(Closure))
#33 C:\\xampp7.4.3\\htdocs\\ODBUS\\odbusproviderbe\\vendor\\laravel\\framework\\src\\Illuminate\\Pipeline\\Pipeline.php(103): Illuminate\\Pipeline\\Pipeline->Illuminate\\Pipeline\\{closure}(Object(Illuminate\\Http\\Request))
#34 C:\\xampp7.4.3\\htdocs\\ODBUS\\odbusproviderbe\\vendor\\laravel\\framework\\src\\Illuminate\\Foundation\\Http\\Kernel.php(142): Illuminate\\Pipeline\\Pipeline->then(Object(Closure))
#35 C:\\xampp7.4.3\\htdocs\\ODBUS\\odbusproviderbe\\vendor\\laravel\\framework\\src\\Illuminate\\Foundation\\Http\\Kernel.php(111): Illuminate\\Foundation\\Http\\Kernel->sendRequestThroughRouter(Object(Illuminate\\Http\\Request))
#36 C:\\xampp7.4.3\\htdocs\\ODBUS\\odbusproviderbe\\index.php(52): Illuminate\\Foundation\\Http\\Kernel->handle(Object(Illuminate\\Http\\Request))
#37 {main}
"} 
[2025-11-12 17:19:17] local.ERROR: Call to undefined method App\Services\BusOperatorService::getAll() {"exception":"[object] (Error(code: 0): Call to undefined method App\\Services\\BusOperatorService::getAll() at C:\\xampp7.4.3\\htdocs\\ODBUS\\odbusproviderbe\\app\\Http\\Controllers\\BusOperatorController.php:55)
[stacktrace]
#0 C:\\xampp7.4.3\\htdocs\\ODBUS\\odbusproviderbe\\vendor\\laravel\\framework\\src\\Illuminate\\Routing\\Controller.php(54): App\\Http\\Controllers\\BusOperatorController->getAllBusOperators()
#1 C:\\xampp7.4.3\\htdocs\\ODBUS\\odbusproviderbe\\vendor\\laravel\\framework\\src\\Illuminate\\Routing\\ControllerDispatcher.php(45): Illuminate\\Routing\\Controller->callAction('getAllBusOperat...', Array)
#2 C:\\xampp7.4.3\\htdocs\\ODBUS\\odbusproviderbe\\vendor\\laravel\\framework\\src\\Illuminate\\Routing\\Route.php(262): Illuminate\\Routing\\ControllerDispatcher->dispatch(Object(Illuminate\\Routing\\Route), Object(App\\Http\\Controllers\\BusOperatorController), 'getAllBusOperat...')
#3 C:\\xampp7.4.3\\htdocs\\ODBUS\\odbusproviderbe\\vendor\\laravel\\framework\\src\\Illuminate\\Routing\\Route.php(205): Illuminate\\Routing\\Route->runController()
#4 C:\\xampp7.4.3\\htdocs\\ODBUS\\odbusproviderbe\\vendor\\laravel\\framework\\src\\Illuminate\\Routing\\Router.php(695): Illuminate\\Routing\\Route->run()
#5 C:\\xampp7.4.3\\htdocs\\ODBUS\\odbusproviderbe\\vendor\\laravel\\framework\\src\\Illuminate\\Pipeline\\Pipeline.php(128): Illuminate\\Routing\\Router->Illuminate\\Routing\\{closure}(Object(Illuminate\\Http\\Request))
#6 C:\\xampp7.4.3\\htdocs\\ODBUS\\odbusproviderbe\\vendor\\laravel\\framework\\src\\Illuminate\\Routing\\Middleware\\SubstituteBindings.php(50): Illuminate\\Pipeline\\Pipeline->Illuminate\\Pipeline\\{closure}(Object(Illuminate\\Http\\Request))
#7 C:\\xampp7.4.3\\htdocs\\ODBUS\\odbusproviderbe\\vendor\\laravel\\framework\\src\\Illuminate\\Pipeline\\Pipeline.php(167): Illuminate\\Routing\\Middleware\\SubstituteBindings->handle(Object(Illuminate\\Http\\Request), Object(Closure))
#8 C:\\xampp7.4.3\\htdocs\\ODBUS\\odbusproviderbe\\vendor\\laravel\\framework\\src\\Illuminate\\Routing\\Middleware\\ThrottleRequests.php(127): Illuminate\\Pipeline\\Pipeline->Illuminate\\Pipeline\\{closure}(Object(Illuminate\\Http\\Request))
#9 C:\\xampp7.4.3\\htdocs\\ODBUS\\odbusproviderbe\\vendor\\laravel\\framework\\src\\Illuminate\\Routing\\Middleware\\ThrottleRequests.php(103): Illuminate\\Routing\\Middleware\\ThrottleRequests->handleRequest(Object(Illuminate\\Http\\Request), Object(Closure), Array)
#10 C:\\xampp7.4.3\\htdocs\\ODBUS\\odbusproviderbe\\vendor\\laravel\\framework\\src\\Illuminate\\Routing\\Middleware\\ThrottleRequests.php(55): Illuminate\\Routing\\Middleware\\ThrottleRequests->handleRequestUsingNamedLimiter(Object(Illuminate\\Http\\Request), Object(Closure), 'api', Object(Closure))
#11 C:\\xampp7.4.3\\htdocs\\ODBUS\\odbusproviderbe\\vendor\\laravel\\framework\\src\\Illuminate\\Pipeline\\Pipeline.php(167): Illuminate\\Routing\\Middleware\\ThrottleRequests->handle(Object(Illuminate\\Http\\Request), Object(Closure), 'api')
#12 C:\\xampp7.4.3\\htdocs\\ODBUS\\odbusproviderbe\\vendor\\laravel\\framework\\src\\Illuminate\\Pipeline\\Pipeline.php(103): Illuminate\\Pipeline\\Pipeline->Illuminate\\Pipeline\\{closure}(Object(Illuminate\\Http\\Request))
#13 C:\\xampp7.4.3\\htdocs\\ODBUS\\odbusproviderbe\\vendor\\laravel\\framework\\src\\Illuminate\\Routing\\Router.php(697): Illuminate\\Pipeline\\Pipeline->then(Object(Closure))
#14 C:\\xampp7.4.3\\htdocs\\ODBUS\\odbusproviderbe\\vendor\\laravel\\framework\\src\\Illuminate\\Routing\\Router.php(672): Illuminate\\Routing\\Router->runRouteWithinStack(Object(Illuminate\\Routing\\Route), Object(Illuminate\\Http\\Request))
#15 C:\\xampp7.4.3\\htdocs\\ODBUS\\odbusproviderbe\\vendor\\laravel\\framework\\src\\Illuminate\\Routing\\Router.php(636): Illuminate\\Routing\\Router->runRoute(Object(Illuminate\\Http\\Request), Object(Illuminate\\Routing\\Route))
#16 C:\\xampp7.4.3\\htdocs\\ODBUS\\odbusproviderbe\\vendor\\laravel\\framework\\src\\Illuminate\\Routing\\Router.php(625): Illuminate\\Routing\\Router->dispatchToRoute(Object(Illuminate\\Http\\Request))
#17 C:\\xampp7.4.3\\htdocs\\ODBUS\\odbusproviderbe\\vendor\\laravel\\framework\\src\\Illuminate\\Foundation\\Http\\Kernel.php(167): Illuminate\\Routing\\Router->dispatch(Object(Illuminate\\Http\\Request))
#18 C:\\xampp7.4.3\\htdocs\\ODBUS\\odbusproviderbe\\vendor\\laravel\\framework\\src\\Illuminate\\Pipeline\\Pipeline.php(128): Illuminate\\Foundation\\Http\\Kernel->Illuminate\\Foundation\\Http\\{closure}(Object(Illuminate\\Http\\Request))
#19 C:\\xampp7.4.3\\htdocs\\ODBUS\\odbusproviderbe\\app\\Http\\Middleware\\Cors.php(22): Illuminate\\Pipeline\\Pipeline->Illuminate\\Pipeline\\{closure}(Object(Illuminate\\Http\\Request))
#20 C:\\xampp7.4.3\\htdocs\\ODBUS\\odbusproviderbe\\vendor\\laravel\\framework\\src\\Illuminate\\Pipeline\\Pipeline.php(167): App\\Http\\Middleware\\Cors->handle(Object(Illuminate\\Http\\Request), Object(Closure))
#21 C:\\xampp7.4.3\\htdocs\\ODBUS\\odbusproviderbe\\vendor\\laravel\\framework\\src\\Illuminate\\Foundation\\Http\\Middleware\\TransformsRequest.php(21): Illuminate\\Pipeline\\Pipeline->Illuminate\\Pipeline\\{closure}(Object(Illuminate\\Http\\Request))
#22 C:\\xampp7.4.3\\htdocs\\ODBUS\\odbusproviderbe\\vendor\\laravel\\framework\\src\\Illuminate\\Foundation\\Http\\Middleware\\ConvertEmptyStringsToNull.php(31): Illuminate\\Foundation\\Http\\Middleware\\TransformsRequest->handle(Object(Illuminate\\Http\\Request), Object(Closure))
#23 C:\\xampp7.4.3\\htdocs\\ODBUS\\odbusproviderbe\\vendor\\laravel\\framework\\src\\Illuminate\\Pipeline\\Pipeline.php(167): Illuminate\\Foundation\\Http\\Middleware\\ConvertEmptyStringsToNull->handle(Object(Illuminate\\Http\\Request), Object(Closure))
#24 C:\\xampp7.4.3\\htdocs\\ODBUS\\odbusproviderbe\\vendor\\laravel\\framework\\src\\Illuminate\\Foundation\\Http\\Middleware\\TransformsRequest.php(21): Illuminate\\Pipeline\\Pipeline->Illuminate\\Pipeline\\{closure}(Object(Illuminate\\Http\\Request))
#25 C:\\xampp7.4.3\\htdocs\\ODBUS\\odbusproviderbe\\vendor\\laravel\\framework\\src\\Illuminate\\Foundation\\Http\\Middleware\\TrimStrings.php(40): Illuminate\\Foundation\\Http\\Middleware\\TransformsRequest->handle(Object(Illuminate\\Http\\Request), Object(Closure))
#26 C:\\xampp7.4.3\\htdocs\\ODBUS\\odbusproviderbe\\vendor\\laravel\\framework\\src\\Illuminate\\Pipeline\\Pipeline.php(167): Illuminate\\Foundation\\Http\\Middleware\\TrimStrings->handle(Object(Illuminate\\Http\\Request), Object(Closure))
#27 C:\\xampp7.4.3\\htdocs\\ODBUS\\odbusproviderbe\\vendor\\laravel\\framework\\src\\Illuminate\\Foundation\\Http\\Middleware\\ValidatePostSize.php(27): Illuminate\\Pipeline\\Pipeline->Illuminate\\Pipeline\\{closure}(Object(Illuminate\\Http\\Request))
#28 C:\\xampp7.4.3\\htdocs\\ODBUS\\odbusproviderbe\\vendor\\laravel\\framework\\src\\Illuminate\\Pipeline\\Pipeline.php(167): Illuminate\\Foundation\\Http\\Middleware\\ValidatePostSize->handle(Object(Illuminate\\Http\\Request), Object(Closure))
#29 C:\\xampp7.4.3\\htdocs\\ODBUS\\odbusproviderbe\\vendor\\laravel\\framework\\src\\Illuminate\\Foundation\\Http\\Middleware\\PreventRequestsDuringMaintenance.php(86): Illuminate\\Pipeline\\Pipeline->Illuminate\\Pipeline\\{closure}(Object(Illuminate\\Http\\Request))
#30 C:\\xampp7.4.3\\htdocs\\ODBUS\\odbusproviderbe\\vendor\\laravel\\framework\\src\\Illuminate\\Pipeline\\Pipeline.php(167): Illuminate\\Foundation\\Http\\Middleware\\PreventRequestsDuringMaintenance->handle(Object(Illuminate\\Http\\Request), Object(Closure))
#31 C:\\xampp7.4.3\\htdocs\\ODBUS\\odbusproviderbe\\vendor\\fideloper\\proxy\\src\\TrustProxies.php(57): Illuminate\\Pipeline\\Pipeline->Illuminate\\Pipeline\\{closure}(Object(Illuminate\\Http\\Request))
#32 C:\\xampp7.4.3\\htdocs\\ODBUS\\odbusproviderbe\\vendor\\laravel\\framework\\src\\Illuminate\\Pipeline\\Pipeline.php(167): Fideloper\\Proxy\\TrustProxies->handle(Object(Illuminate\\Http\\Request), Object(Closure))
#33 C:\\xampp7.4.3\\htdocs\\ODBUS\\odbusproviderbe\\vendor\\laravel\\framework\\src\\Illuminate\\Pipeline\\Pipeline.php(103): Illuminate\\Pipeline\\Pipeline->Illuminate\\Pipeline\\{closure}(Object(Illuminate\\Http\\Request))
#34 C:\\xampp7.4.3\\htdocs\\ODBUS\\odbusproviderbe\\vendor\\laravel\\framework\\src\\Illuminate\\Foundation\\Http\\Kernel.php(142): Illuminate\\Pipeline\\Pipeline->then(Object(Closure))
#35 C:\\xampp7.4.3\\htdocs\\ODBUS\\odbusproviderbe\\vendor\\laravel\\framework\\src\\Illuminate\\Foundation\\Http\\Kernel.php(111): Illuminate\\Foundation\\Http\\Kernel->sendRequestThroughRouter(Object(Illuminate\\Http\\Request))
#36 C:\\xampp7.4.3\\htdocs\\ODBUS\\odbusproviderbe\\index.php(52): Illuminate\\Foundation\\Http\\Kernel->handle(Object(Illuminate\\Http\\Request))
#37 {main}
"} 
[2025-11-12 17:19:17] local.ERROR: Call to undefined method App\Services\AgentCompleteReportService::getalldata() {"exception":"[object] (Error(code: 0): Call to undefined method App\\Services\\AgentCompleteReportService::getalldata() at C:\\xampp7.4.3\\htdocs\\ODBUS\\odbusproviderbe\\app\\Http\\Controllers\\AgentCompleteReportController.php:29)
[stacktrace]
#0 C:\\xampp7.4.3\\htdocs\\ODBUS\\odbusproviderbe\\vendor\\laravel\\framework\\src\\Illuminate\\Routing\\Controller.php(54): App\\Http\\Controllers\\AgentCompleteReportController->getalldata(Object(Illuminate\\Http\\Request))
#1 C:\\xampp7.4.3\\htdocs\\ODBUS\\odbusproviderbe\\vendor\\laravel\\framework\\src\\Illuminate\\Routing\\ControllerDispatcher.php(45): Illuminate\\Routing\\Controller->callAction('getalldata', Array)
#2 C:\\xampp7.4.3\\htdocs\\ODBUS\\odbusproviderbe\\vendor\\laravel\\framework\\src\\Illuminate\\Routing\\Route.php(262): Illuminate\\Routing\\ControllerDispatcher->dispatch(Object(Illuminate\\Routing\\Route), Object(App\\Http\\Controllers\\AgentCompleteReportController), 'getalldata')
#3 C:\\xampp7.4.3\\htdocs\\ODBUS\\odbusproviderbe\\vendor\\laravel\\framework\\src\\Illuminate\\Routing\\Route.php(205): Illuminate\\Routing\\Route->runController()
#4 C:\\xampp7.4.3\\htdocs\\ODBUS\\odbusproviderbe\\vendor\\laravel\\framework\\src\\Illuminate\\Routing\\Router.php(695): Illuminate\\Routing\\Route->run()
#5 C:\\xampp7.4.3\\htdocs\\ODBUS\\odbusproviderbe\\vendor\\laravel\\framework\\src\\Illuminate\\Pipeline\\Pipeline.php(128): Illuminate\\Routing\\Router->Illuminate\\Routing\\{closure}(Object(Illuminate\\Http\\Request))
#6 C:\\xampp7.4.3\\htdocs\\ODBUS\\odbusproviderbe\\vendor\\laravel\\framework\\src\\Illuminate\\Routing\\Middleware\\SubstituteBindings.php(50): Illuminate\\Pipeline\\Pipeline->Illuminate\\Pipeline\\{closure}(Object(Illuminate\\Http\\Request))
#7 C:\\xampp7.4.3\\htdocs\\ODBUS\\odbusproviderbe\\vendor\\laravel\\framework\\src\\Illuminate\\Pipeline\\Pipeline.php(167): Illuminate\\Routing\\Middleware\\SubstituteBindings->handle(Object(Illuminate\\Http\\Request), Object(Closure))
#8 C:\\xampp7.4.3\\htdocs\\ODBUS\\odbusproviderbe\\vendor\\laravel\\framework\\src\\Illuminate\\Routing\\Middleware\\ThrottleRequests.php(127): Illuminate\\Pipeline\\Pipeline->Illuminate\\Pipeline\\{closure}(Object(Illuminate\\Http\\Request))
#9 C:\\xampp7.4.3\\htdocs\\ODBUS\\odbusproviderbe\\vendor\\laravel\\framework\\src\\Illuminate\\Routing\\Middleware\\ThrottleRequests.php(103): Illuminate\\Routing\\Middleware\\ThrottleRequests->handleRequest(Object(Illuminate\\Http\\Request), Object(Closure), Array)
#10 C:\\xampp7.4.3\\htdocs\\ODBUS\\odbusproviderbe\\vendor\\laravel\\framework\\src\\Illuminate\\Routing\\Middleware\\ThrottleRequests.php(55): Illuminate\\Routing\\Middleware\\ThrottleRequests->handleRequestUsingNamedLimiter(Object(Illuminate\\Http\\Request), Object(Closure), 'api', Object(Closure))
#11 C:\\xampp7.4.3\\htdocs\\ODBUS\\odbusproviderbe\\vendor\\laravel\\framework\\src\\Illuminate\\Pipeline\\Pipeline.php(167): Illuminate\\Routing\\Middleware\\ThrottleRequests->handle(Object(Illuminate\\Http\\Request), Object(Closure), 'api')
#12 C:\\xampp7.4.3\\htdocs\\ODBUS\\odbusproviderbe\\vendor\\laravel\\framework\\src\\Illuminate\\Pipeline\\Pipeline.php(103): Illuminate\\Pipeline\\Pipeline->Illuminate\\Pipeline\\{closure}(Object(Illuminate\\Http\\Request))
#13 C:\\xampp7.4.3\\htdocs\\ODBUS\\odbusproviderbe\\vendor\\laravel\\framework\\src\\Illuminate\\Routing\\Router.php(697): Illuminate\\Pipeline\\Pipeline->then(Object(Closure))
#14 C:\\xampp7.4.3\\htdocs\\ODBUS\\odbusproviderbe\\vendor\\laravel\\framework\\src\\Illuminate\\Routing\\Router.php(672): Illuminate\\Routing\\Router->runRouteWithinStack(Object(Illuminate\\Routing\\Route), Object(Illuminate\\Http\\Request))
#15 C:\\xampp7.4.3\\htdocs\\ODBUS\\odbusproviderbe\\vendor\\laravel\\framework\\src\\Illuminate\\Routing\\Router.php(636): Illuminate\\Routing\\Router->runRoute(Object(Illuminate\\Http\\Request), Object(Illuminate\\Routing\\Route))
#16 C:\\xampp7.4.3\\htdocs\\ODBUS\\odbusproviderbe\\vendor\\laravel\\framework\\src\\Illuminate\\Routing\\Router.php(625): Illuminate\\Routing\\Router->dispatchToRoute(Object(Illuminate\\Http\\Request))
#17 C:\\xampp7.4.3\\htdocs\\ODBUS\\odbusproviderbe\\vendor\\laravel\\framework\\src\\Illuminate\\Foundation\\Http\\Kernel.php(167): Illuminate\\Routing\\Router->dispatch(Object(Illuminate\\Http\\Request))
#18 C:\\xampp7.4.3\\htdocs\\ODBUS\\odbusproviderbe\\vendor\\laravel\\framework\\src\\Illuminate\\Pipeline\\Pipeline.php(128): Illuminate\\Foundation\\Http\\Kernel->Illuminate\\Foundation\\Http\\{closure}(Object(Illuminate\\Http\\Request))
#19 C:\\xampp7.4.3\\htdocs\\ODBUS\\odbusproviderbe\\app\\Http\\Middleware\\Cors.php(22): Illuminate\\Pipeline\\Pipeline->Illuminate\\Pipeline\\{closure}(Object(Illuminate\\Http\\Request))
#20 C:\\xampp7.4.3\\htdocs\\ODBUS\\odbusproviderbe\\vendor\\laravel\\framework\\src\\Illuminate\\Pipeline\\Pipeline.php(167): App\\Http\\Middleware\\Cors->handle(Object(Illuminate\\Http\\Request), Object(Closure))
#21 C:\\xampp7.4.3\\htdocs\\ODBUS\\odbusproviderbe\\vendor\\laravel\\framework\\src\\Illuminate\\Foundation\\Http\\Middleware\\TransformsRequest.php(21): Illuminate\\Pipeline\\Pipeline->Illuminate\\Pipeline\\{closure}(Object(Illuminate\\Http\\Request))
#22 C:\\xampp7.4.3\\htdocs\\ODBUS\\odbusproviderbe\\vendor\\laravel\\framework\\src\\Illuminate\\Foundation\\Http\\Middleware\\ConvertEmptyStringsToNull.php(31): Illuminate\\Foundation\\Http\\Middleware\\TransformsRequest->handle(Object(Illuminate\\Http\\Request), Object(Closure))
#23 C:\\xampp7.4.3\\htdocs\\ODBUS\\odbusproviderbe\\vendor\\laravel\\framework\\src\\Illuminate\\Pipeline\\Pipeline.php(167): Illuminate\\Foundation\\Http\\Middleware\\ConvertEmptyStringsToNull->handle(Object(Illuminate\\Http\\Request), Object(Closure))
#24 C:\\xampp7.4.3\\htdocs\\ODBUS\\odbusproviderbe\\vendor\\laravel\\framework\\src\\Illuminate\\Foundation\\Http\\Middleware\\TransformsRequest.php(21): Illuminate\\Pipeline\\Pipeline->Illuminate\\Pipeline\\{closure}(Object(Illuminate\\Http\\Request))
#25 C:\\xampp7.4.3\\htdocs\\ODBUS\\odbusproviderbe\\vendor\\laravel\\framework\\src\\Illuminate\\Foundation\\Http\\Middleware\\TrimStrings.php(40): Illuminate\\Foundation\\Http\\Middleware\\TransformsRequest->handle(Object(Illuminate\\Http\\Request), Object(Closure))
#26 C:\\xampp7.4.3\\htdocs\\ODBUS\\odbusproviderbe\\vendor\\laravel\\framework\\src\\Illuminate\\Pipeline\\Pipeline.php(167): Illuminate\\Foundation\\Http\\Middleware\\TrimStrings->handle(Object(Illuminate\\Http\\Request), Object(Closure))
#27 C:\\xampp7.4.3\\htdocs\\ODBUS\\odbusproviderbe\\vendor\\laravel\\framework\\src\\Illuminate\\Foundation\\Http\\Middleware\\ValidatePostSize.php(27): Illuminate\\Pipeline\\Pipeline->Illuminate\\Pipeline\\{closure}(Object(Illuminate\\Http\\Request))
#28 C:\\xampp7.4.3\\htdocs\\ODBUS\\odbusproviderbe\\vendor\\laravel\\framework\\src\\Illuminate\\Pipeline\\Pipeline.php(167): Illuminate\\Foundation\\Http\\Middleware\\ValidatePostSize->handle(Object(Illuminate\\Http\\Request), Object(Closure))
#29 C:\\xampp7.4.3\\htdocs\\ODBUS\\odbusproviderbe\\vendor\\laravel\\framework\\src\\Illuminate\\Foundation\\Http\\Middleware\\PreventRequestsDuringMaintenance.php(86): Illuminate\\Pipeline\\Pipeline->Illuminate\\Pipeline\\{closure}(Object(Illuminate\\Http\\Request))
#30 C:\\xampp7.4.3\\htdocs\\ODBUS\\odbusproviderbe\\vendor\\laravel\\framework\\src\\Illuminate\\Pipeline\\Pipeline.php(167): Illuminate\\Foundation\\Http\\Middleware\\PreventRequestsDuringMaintenance->handle(Object(Illuminate\\Http\\Request), Object(Closure))
#31 C:\\xampp7.4.3\\htdocs\\ODBUS\\odbusproviderbe\\vendor\\fideloper\\proxy\\src\\TrustProxies.php(57): Illuminate\\Pipeline\\Pipeline->Illuminate\\Pipeline\\{closure}(Object(Illuminate\\Http\\Request))
#32 C:\\xampp7.4.3\\htdocs\\ODBUS\\odbusproviderbe\\vendor\\laravel\\framework\\src\\Illuminate\\Pipeline\\Pipeline.php(167): Fideloper\\Proxy\\TrustProxies->handle(Object(Illuminate\\Http\\Request), Object(Closure))
#33 C:\\xampp7.4.3\\htdocs\\ODBUS\\odbusproviderbe\\vendor\\laravel\\framework\\src\\Illuminate\\Pipeline\\Pipeline.php(103): Illuminate\\Pipeline\\Pipeline->Illuminate\\Pipeline\\{closure}(Object(Illuminate\\Http\\Request))
#34 C:\\xampp7.4.3\\htdocs\\ODBUS\\odbusproviderbe\\vendor\\laravel\\framework\\src\\Illuminate\\Foundation\\Http\\Kernel.php(142): Illuminate\\Pipeline\\Pipeline->then(Object(Closure))
#35 C:\\xampp7.4.3\\htdocs\\ODBUS\\odbusproviderbe\\vendor\\laravel\\framework\\src\\Illuminate\\Foundation\\Http\\Kernel.php(111): Illuminate\\Foundation\\Http\\Kernel->sendRequestThroughRouter(Object(Illuminate\\Http\\Request))
#36 C:\\xampp7.4.3\\htdocs\\ODBUS\\odbusproviderbe\\index.php(52): Illuminate\\Foundation\\Http\\Kernel->handle(Object(Illuminate\\Http\\Request))
#37 {main}
"} 
[2025-11-12 17:31:28] local.ERROR: Call to undefined method App\Services\LocationService::getAll() {"exception":"[object] (Error(code: 0): Call to undefined method App\\Services\\LocationService::getAll() at C:\\xampp7.4.3\\htdocs\\ODBUS\\odbusproviderbe\\app\\Http\\Controllers\\LocationController.php:41)
[stacktrace]
#0 C:\\xampp7.4.3\\htdocs\\ODBUS\\odbusproviderbe\\vendor\\laravel\\framework\\src\\Illuminate\\Routing\\Controller.php(54): App\\Http\\Controllers\\LocationController->getAllLocations()
#1 C:\\xampp7.4.3\\htdocs\\ODBUS\\odbusproviderbe\\vendor\\laravel\\framework\\src\\Illuminate\\Routing\\ControllerDispatcher.php(45): Illuminate\\Routing\\Controller->callAction('getAllLocations', Array)
#2 C:\\xampp7.4.3\\htdocs\\ODBUS\\odbusproviderbe\\vendor\\laravel\\framework\\src\\Illuminate\\Routing\\Route.php(262): Illuminate\\Routing\\ControllerDispatcher->dispatch(Object(Illuminate\\Routing\\Route), Object(App\\Http\\Controllers\\LocationController), 'getAllLocations')
#3 C:\\xampp7.4.3\\htdocs\\ODBUS\\odbusproviderbe\\vendor\\laravel\\framework\\src\\Illuminate\\Routing\\Route.php(205): Illuminate\\Routing\\Route->runController()
#4 C:\\xampp7.4.3\\htdocs\\ODBUS\\odbusproviderbe\\vendor\\laravel\\framework\\src\\Illuminate\\Routing\\Router.php(695): Illuminate\\Routing\\Route->run()
#5 C:\\xampp7.4.3\\htdocs\\ODBUS\\odbusproviderbe\\vendor\\laravel\\framework\\src\\Illuminate\\Pipeline\\Pipeline.php(128): Illuminate\\Routing\\Router->Illuminate\\Routing\\{closure}(Object(Illuminate\\Http\\Request))
#6 C:\\xampp7.4.3\\htdocs\\ODBUS\\odbusproviderbe\\vendor\\laravel\\framework\\src\\Illuminate\\Routing\\Middleware\\SubstituteBindings.php(50): Illuminate\\Pipeline\\Pipeline->Illuminate\\Pipeline\\{closure}(Object(Illuminate\\Http\\Request))
#7 C:\\xampp7.4.3\\htdocs\\ODBUS\\odbusproviderbe\\vendor\\laravel\\framework\\src\\Illuminate\\Pipeline\\Pipeline.php(167): Illuminate\\Routing\\Middleware\\SubstituteBindings->handle(Object(Illuminate\\Http\\Request), Object(Closure))
#8 C:\\xampp7.4.3\\htdocs\\ODBUS\\odbusproviderbe\\vendor\\laravel\\framework\\src\\Illuminate\\Routing\\Middleware\\ThrottleRequests.php(127): Illuminate\\Pipeline\\Pipeline->Illuminate\\Pipeline\\{closure}(Object(Illuminate\\Http\\Request))
#9 C:\\xampp7.4.3\\htdocs\\ODBUS\\odbusproviderbe\\vendor\\laravel\\framework\\src\\Illuminate\\Routing\\Middleware\\ThrottleRequests.php(103): Illuminate\\Routing\\Middleware\\ThrottleRequests->handleRequest(Object(Illuminate\\Http\\Request), Object(Closure), Array)
#10 C:\\xampp7.4.3\\htdocs\\ODBUS\\odbusproviderbe\\vendor\\laravel\\framework\\src\\Illuminate\\Routing\\Middleware\\ThrottleRequests.php(55): Illuminate\\Routing\\Middleware\\ThrottleRequests->handleRequestUsingNamedLimiter(Object(Illuminate\\Http\\Request), Object(Closure), 'api', Object(Closure))
#11 C:\\xampp7.4.3\\htdocs\\ODBUS\\odbusproviderbe\\vendor\\laravel\\framework\\src\\Illuminate\\Pipeline\\Pipeline.php(167): Illuminate\\Routing\\Middleware\\ThrottleRequests->handle(Object(Illuminate\\Http\\Request), Object(Closure), 'api')
#12 C:\\xampp7.4.3\\htdocs\\ODBUS\\odbusproviderbe\\vendor\\laravel\\framework\\src\\Illuminate\\Pipeline\\Pipeline.php(103): Illuminate\\Pipeline\\Pipeline->Illuminate\\Pipeline\\{closure}(Object(Illuminate\\Http\\Request))
#13 C:\\xampp7.4.3\\htdocs\\ODBUS\\odbusproviderbe\\vendor\\laravel\\framework\\src\\Illuminate\\Routing\\Router.php(697): Illuminate\\Pipeline\\Pipeline->then(Object(Closure))
#14 C:\\xampp7.4.3\\htdocs\\ODBUS\\odbusproviderbe\\vendor\\laravel\\framework\\src\\Illuminate\\Routing\\Router.php(672): Illuminate\\Routing\\Router->runRouteWithinStack(Object(Illuminate\\Routing\\Route), Object(Illuminate\\Http\\Request))
#15 C:\\xampp7.4.3\\htdocs\\ODBUS\\odbusproviderbe\\vendor\\laravel\\framework\\src\\Illuminate\\Routing\\Router.php(636): Illuminate\\Routing\\Router->runRoute(Object(Illuminate\\Http\\Request), Object(Illuminate\\Routing\\Route))
#16 C:\\xampp7.4.3\\htdocs\\ODBUS\\odbusproviderbe\\vendor\\laravel\\framework\\src\\Illuminate\\Routing\\Router.php(625): Illuminate\\Routing\\Router->dispatchToRoute(Object(Illuminate\\Http\\Request))
#17 C:\\xampp7.4.3\\htdocs\\ODBUS\\odbusproviderbe\\vendor\\laravel\\framework\\src\\Illuminate\\Foundation\\Http\\Kernel.php(167): Illuminate\\Routing\\Router->dispatch(Object(Illuminate\\Http\\Request))
#18 C:\\xampp7.4.3\\htdocs\\ODBUS\\odbusproviderbe\\vendor\\laravel\\framework\\src\\Illuminate\\Pipeline\\Pipeline.php(128): Illuminate\\Foundation\\Http\\Kernel->Illuminate\\Foundation\\Http\\{closure}(Object(Illuminate\\Http\\Request))
#19 C:\\xampp7.4.3\\htdocs\\ODBUS\\odbusproviderbe\\app\\Http\\Middleware\\Cors.php(22): Illuminate\\Pipeline\\Pipeline->Illuminate\\Pipeline\\{closure}(Object(Illuminate\\Http\\Request))
#20 C:\\xampp7.4.3\\htdocs\\ODBUS\\odbusproviderbe\\vendor\\laravel\\framework\\src\\Illuminate\\Pipeline\\Pipeline.php(167): App\\Http\\Middleware\\Cors->handle(Object(Illuminate\\Http\\Request), Object(Closure))
#21 C:\\xampp7.4.3\\htdocs\\ODBUS\\odbusproviderbe\\vendor\\laravel\\framework\\src\\Illuminate\\Foundation\\Http\\Middleware\\TransformsRequest.php(21): Illuminate\\Pipeline\\Pipeline->Illuminate\\Pipeline\\{closure}(Object(Illuminate\\Http\\Request))
#22 C:\\xampp7.4.3\\htdocs\\ODBUS\\odbusproviderbe\\vendor\\laravel\\framework\\src\\Illuminate\\Foundation\\Http\\Middleware\\ConvertEmptyStringsToNull.php(31): Illuminate\\Foundation\\Http\\Middleware\\TransformsRequest->handle(Object(Illuminate\\Http\\Request), Object(Closure))
#23 C:\\xampp7.4.3\\htdocs\\ODBUS\\odbusproviderbe\\vendor\\laravel\\framework\\src\\Illuminate\\Pipeline\\Pipeline.php(167): Illuminate\\Foundation\\Http\\Middleware\\ConvertEmptyStringsToNull->handle(Object(Illuminate\\Http\\Request), Object(Closure))
#24 C:\\xampp7.4.3\\htdocs\\ODBUS\\odbusproviderbe\\vendor\\laravel\\framework\\src\\Illuminate\\Foundation\\Http\\Middleware\\TransformsRequest.php(21): Illuminate\\Pipeline\\Pipeline->Illuminate\\Pipeline\\{closure}(Object(Illuminate\\Http\\Request))
#25 C:\\xampp7.4.3\\htdocs\\ODBUS\\odbusproviderbe\\vendor\\laravel\\framework\\src\\Illuminate\\Foundation\\Http\\Middleware\\TrimStrings.php(40): Illuminate\\Foundation\\Http\\Middleware\\TransformsRequest->handle(Object(Illuminate\\Http\\Request), Object(Closure))
#26 C:\\xampp7.4.3\\htdocs\\ODBUS\\odbusproviderbe\\vendor\\laravel\\framework\\src\\Illuminate\\Pipeline\\Pipeline.php(167): Illuminate\\Foundation\\Http\\Middleware\\TrimStrings->handle(Object(Illuminate\\Http\\Request), Object(Closure))
#27 C:\\xampp7.4.3\\htdocs\\ODBUS\\odbusproviderbe\\vendor\\laravel\\framework\\src\\Illuminate\\Foundation\\Http\\Middleware\\ValidatePostSize.php(27): Illuminate\\Pipeline\\Pipeline->Illuminate\\Pipeline\\{closure}(Object(Illuminate\\Http\\Request))
#28 C:\\xampp7.4.3\\htdocs\\ODBUS\\odbusproviderbe\\vendor\\laravel\\framework\\src\\Illuminate\\Pipeline\\Pipeline.php(167): Illuminate\\Foundation\\Http\\Middleware\\ValidatePostSize->handle(Object(Illuminate\\Http\\Request), Object(Closure))
#29 C:\\xampp7.4.3\\htdocs\\ODBUS\\odbusproviderbe\\vendor\\laravel\\framework\\src\\Illuminate\\Foundation\\Http\\Middleware\\PreventRequestsDuringMaintenance.php(86): Illuminate\\Pipeline\\Pipeline->Illuminate\\Pipeline\\{closure}(Object(Illuminate\\Http\\Request))
#30 C:\\xampp7.4.3\\htdocs\\ODBUS\\odbusproviderbe\\vendor\\laravel\\framework\\src\\Illuminate\\Pipeline\\Pipeline.php(167): Illuminate\\Foundation\\Http\\Middleware\\PreventRequestsDuringMaintenance->handle(Object(Illuminate\\Http\\Request), Object(Closure))
#31 C:\\xampp7.4.3\\htdocs\\ODBUS\\odbusproviderbe\\vendor\\fideloper\\proxy\\src\\TrustProxies.php(57): Illuminate\\Pipeline\\Pipeline->Illuminate\\Pipeline\\{closure}(Object(Illuminate\\Http\\Request))
#32 C:\\xampp7.4.3\\htdocs\\ODBUS\\odbusproviderbe\\vendor\\laravel\\framework\\src\\Illuminate\\Pipeline\\Pipeline.php(167): Fideloper\\Proxy\\TrustProxies->handle(Object(Illuminate\\Http\\Request), Object(Closure))
#33 C:\\xampp7.4.3\\htdocs\\ODBUS\\odbusproviderbe\\vendor\\laravel\\framework\\src\\Illuminate\\Pipeline\\Pipeline.php(103): Illuminate\\Pipeline\\Pipeline->Illuminate\\Pipeline\\{closure}(Object(Illuminate\\Http\\Request))
#34 C:\\xampp7.4.3\\htdocs\\ODBUS\\odbusproviderbe\\vendor\\laravel\\framework\\src\\Illuminate\\Foundation\\Http\\Kernel.php(142): Illuminate\\Pipeline\\Pipeline->then(Object(Closure))
#35 C:\\xampp7.4.3\\htdocs\\ODBUS\\odbusproviderbe\\vendor\\laravel\\framework\\src\\Illuminate\\Foundation\\Http\\Kernel.php(111): Illuminate\\Foundation\\Http\\Kernel->sendRequestThroughRouter(Object(Illuminate\\Http\\Request))
#36 C:\\xampp7.4.3\\htdocs\\ODBUS\\odbusproviderbe\\index.php(52): Illuminate\\Foundation\\Http\\Kernel->handle(Object(Illuminate\\Http\\Request))
#37 {main}
"} 
[2025-11-12 17:31:28] local.ERROR: Call to undefined method App\Services\BusOperatorService::getAll() {"exception":"[object] (Error(code: 0): Call to undefined method App\\Services\\BusOperatorService::getAll() at C:\\xampp7.4.3\\htdocs\\ODBUS\\odbusproviderbe\\app\\Http\\Controllers\\BusOperatorController.php:55)
[stacktrace]
#0 C:\\xampp7.4.3\\htdocs\\ODBUS\\odbusproviderbe\\vendor\\laravel\\framework\\src\\Illuminate\\Routing\\Controller.php(54): App\\Http\\Controllers\\BusOperatorController->getAllBusOperators()
#1 C:\\xampp7.4.3\\htdocs\\ODBUS\\odbusproviderbe\\vendor\\laravel\\framework\\src\\Illuminate\\Routing\\ControllerDispatcher.php(45): Illuminate\\Routing\\Controller->callAction('getAllBusOperat...', Array)
#2 C:\\xampp7.4.3\\htdocs\\ODBUS\\odbusproviderbe\\vendor\\laravel\\framework\\src\\Illuminate\\Routing\\Route.php(262): Illuminate\\Routing\\ControllerDispatcher->dispatch(Object(Illuminate\\Routing\\Route), Object(App\\Http\\Controllers\\BusOperatorController), 'getAllBusOperat...')
#3 C:\\xampp7.4.3\\htdocs\\ODBUS\\odbusproviderbe\\vendor\\laravel\\framework\\src\\Illuminate\\Routing\\Route.php(205): Illuminate\\Routing\\Route->runController()
#4 C:\\xampp7.4.3\\htdocs\\ODBUS\\odbusproviderbe\\vendor\\laravel\\framework\\src\\Illuminate\\Routing\\Router.php(695): Illuminate\\Routing\\Route->run()
#5 C:\\xampp7.4.3\\htdocs\\ODBUS\\odbusproviderbe\\vendor\\laravel\\framework\\src\\Illuminate\\Pipeline\\Pipeline.php(128): Illuminate\\Routing\\Router->Illuminate\\Routing\\{closure}(Object(Illuminate\\Http\\Request))
#6 C:\\xampp7.4.3\\htdocs\\ODBUS\\odbusproviderbe\\vendor\\laravel\\framework\\src\\Illuminate\\Routing\\Middleware\\SubstituteBindings.php(50): Illuminate\\Pipeline\\Pipeline->Illuminate\\Pipeline\\{closure}(Object(Illuminate\\Http\\Request))
#7 C:\\xampp7.4.3\\htdocs\\ODBUS\\odbusproviderbe\\vendor\\laravel\\framework\\src\\Illuminate\\Pipeline\\Pipeline.php(167): Illuminate\\Routing\\Middleware\\SubstituteBindings->handle(Object(Illuminate\\Http\\Request), Object(Closure))
#8 C:\\xampp7.4.3\\htdocs\\ODBUS\\odbusproviderbe\\vendor\\laravel\\framework\\src\\Illuminate\\Routing\\Middleware\\ThrottleRequests.php(127): Illuminate\\Pipeline\\Pipeline->Illuminate\\Pipeline\\{closure}(Object(Illuminate\\Http\\Request))
#9 C:\\xampp7.4.3\\htdocs\\ODBUS\\odbusproviderbe\\vendor\\laravel\\framework\\src\\Illuminate\\Routing\\Middleware\\ThrottleRequests.php(103): Illuminate\\Routing\\Middleware\\ThrottleRequests->handleRequest(Object(Illuminate\\Http\\Request), Object(Closure), Array)
#10 C:\\xampp7.4.3\\htdocs\\ODBUS\\odbusproviderbe\\vendor\\laravel\\framework\\src\\Illuminate\\Routing\\Middleware\\ThrottleRequests.php(55): Illuminate\\Routing\\Middleware\\ThrottleRequests->handleRequestUsingNamedLimiter(Object(Illuminate\\Http\\Request), Object(Closure), 'api', Object(Closure))
#11 C:\\xampp7.4.3\\htdocs\\ODBUS\\odbusproviderbe\\vendor\\laravel\\framework\\src\\Illuminate\\Pipeline\\Pipeline.php(167): Illuminate\\Routing\\Middleware\\ThrottleRequests->handle(Object(Illuminate\\Http\\Request), Object(Closure), 'api')
#12 C:\\xampp7.4.3\\htdocs\\ODBUS\\odbusproviderbe\\vendor\\laravel\\framework\\src\\Illuminate\\Pipeline\\Pipeline.php(103): Illuminate\\Pipeline\\Pipeline->Illuminate\\Pipeline\\{closure}(Object(Illuminate\\Http\\Request))
#13 C:\\xampp7.4.3\\htdocs\\ODBUS\\odbusproviderbe\\vendor\\laravel\\framework\\src\\Illuminate\\Routing\\Router.php(697): Illuminate\\Pipeline\\Pipeline->then(Object(Closure))
#14 C:\\xampp7.4.3\\htdocs\\ODBUS\\odbusproviderbe\\vendor\\laravel\\framework\\src\\Illuminate\\Routing\\Router.php(672): Illuminate\\Routing\\Router->runRouteWithinStack(Object(Illuminate\\Routing\\Route), Object(Illuminate\\Http\\Request))
#15 C:\\xampp7.4.3\\htdocs\\ODBUS\\odbusproviderbe\\vendor\\laravel\\framework\\src\\Illuminate\\Routing\\Router.php(636): Illuminate\\Routing\\Router->runRoute(Object(Illuminate\\Http\\Request), Object(Illuminate\\Routing\\Route))
#16 C:\\xampp7.4.3\\htdocs\\ODBUS\\odbusproviderbe\\vendor\\laravel\\framework\\src\\Illuminate\\Routing\\Router.php(625): Illuminate\\Routing\\Router->dispatchToRoute(Object(Illuminate\\Http\\Request))
#17 C:\\xampp7.4.3\\htdocs\\ODBUS\\odbusproviderbe\\vendor\\laravel\\framework\\src\\Illuminate\\Foundation\\Http\\Kernel.php(167): Illuminate\\Routing\\Router->dispatch(Object(Illuminate\\Http\\Request))
#18 C:\\xampp7.4.3\\htdocs\\ODBUS\\odbusproviderbe\\vendor\\laravel\\framework\\src\\Illuminate\\Pipeline\\Pipeline.php(128): Illuminate\\Foundation\\Http\\Kernel->Illuminate\\Foundation\\Http\\{closure}(Object(Illuminate\\Http\\Request))
#19 C:\\xampp7.4.3\\htdocs\\ODBUS\\odbusproviderbe\\app\\Http\\Middleware\\Cors.php(22): Illuminate\\Pipeline\\Pipeline->Illuminate\\Pipeline\\{closure}(Object(Illuminate\\Http\\Request))
#20 C:\\xampp7.4.3\\htdocs\\ODBUS\\odbusproviderbe\\vendor\\laravel\\framework\\src\\Illuminate\\Pipeline\\Pipeline.php(167): App\\Http\\Middleware\\Cors->handle(Object(Illuminate\\Http\\Request), Object(Closure))
#21 C:\\xampp7.4.3\\htdocs\\ODBUS\\odbusproviderbe\\vendor\\laravel\\framework\\src\\Illuminate\\Foundation\\Http\\Middleware\\TransformsRequest.php(21): Illuminate\\Pipeline\\Pipeline->Illuminate\\Pipeline\\{closure}(Object(Illuminate\\Http\\Request))
#22 C:\\xampp7.4.3\\htdocs\\ODBUS\\odbusproviderbe\\vendor\\laravel\\framework\\src\\Illuminate\\Foundation\\Http\\Middleware\\ConvertEmptyStringsToNull.php(31): Illuminate\\Foundation\\Http\\Middleware\\TransformsRequest->handle(Object(Illuminate\\Http\\Request), Object(Closure))
#23 C:\\xampp7.4.3\\htdocs\\ODBUS\\odbusproviderbe\\vendor\\laravel\\framework\\src\\Illuminate\\Pipeline\\Pipeline.php(167): Illuminate\\Foundation\\Http\\Middleware\\ConvertEmptyStringsToNull->handle(Object(Illuminate\\Http\\Request), Object(Closure))
#24 C:\\xampp7.4.3\\htdocs\\ODBUS\\odbusproviderbe\\vendor\\laravel\\framework\\src\\Illuminate\\Foundation\\Http\\Middleware\\TransformsRequest.php(21): Illuminate\\Pipeline\\Pipeline->Illuminate\\Pipeline\\{closure}(Object(Illuminate\\Http\\Request))
#25 C:\\xampp7.4.3\\htdocs\\ODBUS\\odbusproviderbe\\vendor\\laravel\\framework\\src\\Illuminate\\Foundation\\Http\\Middleware\\TrimStrings.php(40): Illuminate\\Foundation\\Http\\Middleware\\TransformsRequest->handle(Object(Illuminate\\Http\\Request), Object(Closure))
#26 C:\\xampp7.4.3\\htdocs\\ODBUS\\odbusproviderbe\\vendor\\laravel\\framework\\src\\Illuminate\\Pipeline\\Pipeline.php(167): Illuminate\\Foundation\\Http\\Middleware\\TrimStrings->handle(Object(Illuminate\\Http\\Request), Object(Closure))
#27 C:\\xampp7.4.3\\htdocs\\ODBUS\\odbusproviderbe\\vendor\\laravel\\framework\\src\\Illuminate\\Foundation\\Http\\Middleware\\ValidatePostSize.php(27): Illuminate\\Pipeline\\Pipeline->Illuminate\\Pipeline\\{closure}(Object(Illuminate\\Http\\Request))
#28 C:\\xampp7.4.3\\htdocs\\ODBUS\\odbusproviderbe\\vendor\\laravel\\framework\\src\\Illuminate\\Pipeline\\Pipeline.php(167): Illuminate\\Foundation\\Http\\Middleware\\ValidatePostSize->handle(Object(Illuminate\\Http\\Request), Object(Closure))
#29 C:\\xampp7.4.3\\htdocs\\ODBUS\\odbusproviderbe\\vendor\\laravel\\framework\\src\\Illuminate\\Foundation\\Http\\Middleware\\PreventRequestsDuringMaintenance.php(86): Illuminate\\Pipeline\\Pipeline->Illuminate\\Pipeline\\{closure}(Object(Illuminate\\Http\\Request))
#30 C:\\xampp7.4.3\\htdocs\\ODBUS\\odbusproviderbe\\vendor\\laravel\\framework\\src\\Illuminate\\Pipeline\\Pipeline.php(167): Illuminate\\Foundation\\Http\\Middleware\\PreventRequestsDuringMaintenance->handle(Object(Illuminate\\Http\\Request), Object(Closure))
#31 C:\\xampp7.4.3\\htdocs\\ODBUS\\odbusproviderbe\\vendor\\fideloper\\proxy\\src\\TrustProxies.php(57): Illuminate\\Pipeline\\Pipeline->Illuminate\\Pipeline\\{closure}(Object(Illuminate\\Http\\Request))
#32 C:\\xampp7.4.3\\htdocs\\ODBUS\\odbusproviderbe\\vendor\\laravel\\framework\\src\\Illuminate\\Pipeline\\Pipeline.php(167): Fideloper\\Proxy\\TrustProxies->handle(Object(Illuminate\\Http\\Request), Object(Closure))
#33 C:\\xampp7.4.3\\htdocs\\ODBUS\\odbusproviderbe\\vendor\\laravel\\framework\\src\\Illuminate\\Pipeline\\Pipeline.php(103): Illuminate\\Pipeline\\Pipeline->Illuminate\\Pipeline\\{closure}(Object(Illuminate\\Http\\Request))
#34 C:\\xampp7.4.3\\htdocs\\ODBUS\\odbusproviderbe\\vendor\\laravel\\framework\\src\\Illuminate\\Foundation\\Http\\Kernel.php(142): Illuminate\\Pipeline\\Pipeline->then(Object(Closure))
#35 C:\\xampp7.4.3\\htdocs\\ODBUS\\odbusproviderbe\\vendor\\laravel\\framework\\src\\Illuminate\\Foundation\\Http\\Kernel.php(111): Illuminate\\Foundation\\Http\\Kernel->sendRequestThroughRouter(Object(Illuminate\\Http\\Request))
#36 C:\\xampp7.4.3\\htdocs\\ODBUS\\odbusproviderbe\\index.php(52): Illuminate\\Foundation\\Http\\Kernel->handle(Object(Illuminate\\Http\\Request))
#37 {main}
"} 
[2025-11-12 17:50:59] local.ERROR: Call to undefined method App\Services\AgentCommissionService::getAllAgentCommissionData() {"exception":"[object] (Error(code: 0): Call to undefined method App\\Services\\AgentCommissionService::getAllAgentCommissionData() at C:\\xampp7.4.3\\htdocs\\ODBUS\\odbusproviderbe\\app\\Http\\Controllers\\AgentComissionController.php:42)
[stacktrace]
#0 C:\\xampp7.4.3\\htdocs\\ODBUS\\odbusproviderbe\\vendor\\laravel\\framework\\src\\Illuminate\\Routing\\Controller.php(54): App\\Http\\Controllers\\AgentComissionController->getAllAgentCommissionData(Object(Illuminate\\Http\\Request))
#1 C:\\xampp7.4.3\\htdocs\\ODBUS\\odbusproviderbe\\vendor\\laravel\\framework\\src\\Illuminate\\Routing\\ControllerDispatcher.php(45): Illuminate\\Routing\\Controller->callAction('getAllAgentComm...', Array)
#2 C:\\xampp7.4.3\\htdocs\\ODBUS\\odbusproviderbe\\vendor\\laravel\\framework\\src\\Illuminate\\Routing\\Route.php(262): Illuminate\\Routing\\ControllerDispatcher->dispatch(Object(Illuminate\\Routing\\Route), Object(App\\Http\\Controllers\\AgentComissionController), 'getAllAgentComm...')
#3 C:\\xampp7.4.3\\htdocs\\ODBUS\\odbusproviderbe\\vendor\\laravel\\framework\\src\\Illuminate\\Routing\\Route.php(205): Illuminate\\Routing\\Route->runController()
#4 C:\\xampp7.4.3\\htdocs\\ODBUS\\odbusproviderbe\\vendor\\laravel\\framework\\src\\Illuminate\\Routing\\Router.php(695): Illuminate\\Routing\\Route->run()
#5 C:\\xampp7.4.3\\htdocs\\ODBUS\\odbusproviderbe\\vendor\\laravel\\framework\\src\\Illuminate\\Pipeline\\Pipeline.php(128): Illuminate\\Routing\\Router->Illuminate\\Routing\\{closure}(Object(Illuminate\\Http\\Request))
#6 C:\\xampp7.4.3\\htdocs\\ODBUS\\odbusproviderbe\\vendor\\laravel\\framework\\src\\Illuminate\\Routing\\Middleware\\SubstituteBindings.php(50): Illuminate\\Pipeline\\Pipeline->Illuminate\\Pipeline\\{closure}(Object(Illuminate\\Http\\Request))
#7 C:\\xampp7.4.3\\htdocs\\ODBUS\\odbusproviderbe\\vendor\\laravel\\framework\\src\\Illuminate\\Pipeline\\Pipeline.php(167): Illuminate\\Routing\\Middleware\\SubstituteBindings->handle(Object(Illuminate\\Http\\Request), Object(Closure))
#8 C:\\xampp7.4.3\\htdocs\\ODBUS\\odbusproviderbe\\vendor\\laravel\\framework\\src\\Illuminate\\Routing\\Middleware\\ThrottleRequests.php(127): Illuminate\\Pipeline\\Pipeline->Illuminate\\Pipeline\\{closure}(Object(Illuminate\\Http\\Request))
#9 C:\\xampp7.4.3\\htdocs\\ODBUS\\odbusproviderbe\\vendor\\laravel\\framework\\src\\Illuminate\\Routing\\Middleware\\ThrottleRequests.php(103): Illuminate\\Routing\\Middleware\\ThrottleRequests->handleRequest(Object(Illuminate\\Http\\Request), Object(Closure), Array)
#10 C:\\xampp7.4.3\\htdocs\\ODBUS\\odbusproviderbe\\vendor\\laravel\\framework\\src\\Illuminate\\Routing\\Middleware\\ThrottleRequests.php(55): Illuminate\\Routing\\Middleware\\ThrottleRequests->handleRequestUsingNamedLimiter(Object(Illuminate\\Http\\Request), Object(Closure), 'api', Object(Closure))
#11 C:\\xampp7.4.3\\htdocs\\ODBUS\\odbusproviderbe\\vendor\\laravel\\framework\\src\\Illuminate\\Pipeline\\Pipeline.php(167): Illuminate\\Routing\\Middleware\\ThrottleRequests->handle(Object(Illuminate\\Http\\Request), Object(Closure), 'api')
#12 C:\\xampp7.4.3\\htdocs\\ODBUS\\odbusproviderbe\\vendor\\laravel\\framework\\src\\Illuminate\\Pipeline\\Pipeline.php(103): Illuminate\\Pipeline\\Pipeline->Illuminate\\Pipeline\\{closure}(Object(Illuminate\\Http\\Request))
#13 C:\\xampp7.4.3\\htdocs\\ODBUS\\odbusproviderbe\\vendor\\laravel\\framework\\src\\Illuminate\\Routing\\Router.php(697): Illuminate\\Pipeline\\Pipeline->then(Object(Closure))
#14 C:\\xampp7.4.3\\htdocs\\ODBUS\\odbusproviderbe\\vendor\\laravel\\framework\\src\\Illuminate\\Routing\\Router.php(672): Illuminate\\Routing\\Router->runRouteWithinStack(Object(Illuminate\\Routing\\Route), Object(Illuminate\\Http\\Request))
#15 C:\\xampp7.4.3\\htdocs\\ODBUS\\odbusproviderbe\\vendor\\laravel\\framework\\src\\Illuminate\\Routing\\Router.php(636): Illuminate\\Routing\\Router->runRoute(Object(Illuminate\\Http\\Request), Object(Illuminate\\Routing\\Route))
#16 C:\\xampp7.4.3\\htdocs\\ODBUS\\odbusproviderbe\\vendor\\laravel\\framework\\src\\Illuminate\\Routing\\Router.php(625): Illuminate\\Routing\\Router->dispatchToRoute(Object(Illuminate\\Http\\Request))
#17 C:\\xampp7.4.3\\htdocs\\ODBUS\\odbusproviderbe\\vendor\\laravel\\framework\\src\\Illuminate\\Foundation\\Http\\Kernel.php(167): Illuminate\\Routing\\Router->dispatch(Object(Illuminate\\Http\\Request))
#18 C:\\xampp7.4.3\\htdocs\\ODBUS\\odbusproviderbe\\vendor\\laravel\\framework\\src\\Illuminate\\Pipeline\\Pipeline.php(128): Illuminate\\Foundation\\Http\\Kernel->Illuminate\\Foundation\\Http\\{closure}(Object(Illuminate\\Http\\Request))
#19 C:\\xampp7.4.3\\htdocs\\ODBUS\\odbusproviderbe\\app\\Http\\Middleware\\Cors.php(22): Illuminate\\Pipeline\\Pipeline->Illuminate\\Pipeline\\{closure}(Object(Illuminate\\Http\\Request))
#20 C:\\xampp7.4.3\\htdocs\\ODBUS\\odbusproviderbe\\vendor\\laravel\\framework\\src\\Illuminate\\Pipeline\\Pipeline.php(167): App\\Http\\Middleware\\Cors->handle(Object(Illuminate\\Http\\Request), Object(Closure))
#21 C:\\xampp7.4.3\\htdocs\\ODBUS\\odbusproviderbe\\vendor\\laravel\\framework\\src\\Illuminate\\Foundation\\Http\\Middleware\\TransformsRequest.php(21): Illuminate\\Pipeline\\Pipeline->Illuminate\\Pipeline\\{closure}(Object(Illuminate\\Http\\Request))
#22 C:\\xampp7.4.3\\htdocs\\ODBUS\\odbusproviderbe\\vendor\\laravel\\framework\\src\\Illuminate\\Foundation\\Http\\Middleware\\ConvertEmptyStringsToNull.php(31): Illuminate\\Foundation\\Http\\Middleware\\TransformsRequest->handle(Object(Illuminate\\Http\\Request), Object(Closure))
#23 C:\\xampp7.4.3\\htdocs\\ODBUS\\odbusproviderbe\\vendor\\laravel\\framework\\src\\Illuminate\\Pipeline\\Pipeline.php(167): Illuminate\\Foundation\\Http\\Middleware\\ConvertEmptyStringsToNull->handle(Object(Illuminate\\Http\\Request), Object(Closure))
#24 C:\\xampp7.4.3\\htdocs\\ODBUS\\odbusproviderbe\\vendor\\laravel\\framework\\src\\Illuminate\\Foundation\\Http\\Middleware\\TransformsRequest.php(21): Illuminate\\Pipeline\\Pipeline->Illuminate\\Pipeline\\{closure}(Object(Illuminate\\Http\\Request))
#25 C:\\xampp7.4.3\\htdocs\\ODBUS\\odbusproviderbe\\vendor\\laravel\\framework\\src\\Illuminate\\Foundation\\Http\\Middleware\\TrimStrings.php(40): Illuminate\\Foundation\\Http\\Middleware\\TransformsRequest->handle(Object(Illuminate\\Http\\Request), Object(Closure))
#26 C:\\xampp7.4.3\\htdocs\\ODBUS\\odbusproviderbe\\vendor\\laravel\\framework\\src\\Illuminate\\Pipeline\\Pipeline.php(167): Illuminate\\Foundation\\Http\\Middleware\\TrimStrings->handle(Object(Illuminate\\Http\\Request), Object(Closure))
#27 C:\\xampp7.4.3\\htdocs\\ODBUS\\odbusproviderbe\\vendor\\laravel\\framework\\src\\Illuminate\\Foundation\\Http\\Middleware\\ValidatePostSize.php(27): Illuminate\\Pipeline\\Pipeline->Illuminate\\Pipeline\\{closure}(Object(Illuminate\\Http\\Request))
#28 C:\\xampp7.4.3\\htdocs\\ODBUS\\odbusproviderbe\\vendor\\laravel\\framework\\src\\Illuminate\\Pipeline\\Pipeline.php(167): Illuminate\\Foundation\\Http\\Middleware\\ValidatePostSize->handle(Object(Illuminate\\Http\\Request), Object(Closure))
#29 C:\\xampp7.4.3\\htdocs\\ODBUS\\odbusproviderbe\\vendor\\laravel\\framework\\src\\Illuminate\\Foundation\\Http\\Middleware\\PreventRequestsDuringMaintenance.php(86): Illuminate\\Pipeline\\Pipeline->Illuminate\\Pipeline\\{closure}(Object(Illuminate\\Http\\Request))
#30 C:\\xampp7.4.3\\htdocs\\ODBUS\\odbusproviderbe\\vendor\\laravel\\framework\\src\\Illuminate\\Pipeline\\Pipeline.php(167): Illuminate\\Foundation\\Http\\Middleware\\PreventRequestsDuringMaintenance->handle(Object(Illuminate\\Http\\Request), Object(Closure))
#31 C:\\xampp7.4.3\\htdocs\\ODBUS\\odbusproviderbe\\vendor\\fideloper\\proxy\\src\\TrustProxies.php(57): Illuminate\\Pipeline\\Pipeline->Illuminate\\Pipeline\\{closure}(Object(Illuminate\\Http\\Request))
#32 C:\\xampp7.4.3\\htdocs\\ODBUS\\odbusproviderbe\\vendor\\laravel\\framework\\src\\Illuminate\\Pipeline\\Pipeline.php(167): Fideloper\\Proxy\\TrustProxies->handle(Object(Illuminate\\Http\\Request), Object(Closure))
#33 C:\\xampp7.4.3\\htdocs\\ODBUS\\odbusproviderbe\\vendor\\laravel\\framework\\src\\Illuminate\\Pipeline\\Pipeline.php(103): Illuminate\\Pipeline\\Pipeline->Illuminate\\Pipeline\\{closure}(Object(Illuminate\\Http\\Request))
#34 C:\\xampp7.4.3\\htdocs\\ODBUS\\odbusproviderbe\\vendor\\laravel\\framework\\src\\Illuminate\\Foundation\\Http\\Kernel.php(142): Illuminate\\Pipeline\\Pipeline->then(Object(Closure))
#35 C:\\xampp7.4.3\\htdocs\\ODBUS\\odbusproviderbe\\vendor\\laravel\\framework\\src\\Illuminate\\Foundation\\Http\\Kernel.php(111): Illuminate\\Foundation\\Http\\Kernel->sendRequestThroughRouter(Object(Illuminate\\Http\\Request))
#36 C:\\xampp7.4.3\\htdocs\\ODBUS\\odbusproviderbe\\index.php(52): Illuminate\\Foundation\\Http\\Kernel->handle(Object(Illuminate\\Http\\Request))
#37 {main}
"} 
